{
  "name" : "doom_supershotgun",
  "type": "Gun",
  "maxAmmoCapacity" : 1,
  "compatibleAmmo" : ["ammocreative", "ammo12gauge"],
  "damage" : 5.0,
  "pelletCount" : 30,
  "pelletSpread" : 0.2,
  "rpm" : 142,
  "fireModes" : ["SINGLE"],
  "fireSound" : "doom_supershotgun",
  "drawCooldownDuration" : 620,
  "aimingZoom" : 0.25,
  "gunRecoilInitialAmplitude" : 0.8,
  "shakeRecoilAmplitude" : 2,
  "shakeRecoilSpeed" : 2,
  "viewRecoilAmplitude" : 0,
  "inspectCooldownDuration": 6250,
  "aimingEnabled": false,
  "phasedReloads": [
    {
      "phase": "RELOADING",
      "duration": 1700,
      "animation": "animation.model.reload",
      "shakeEffects": [
        {
          "start": 0,
          "duration": 1500,
          "initialAmplitude": 0.2,
          "rateOfAmplitudeDecay": 0.3
        },
        {
          "start": 350,
          "duration": 900,
          "initialAmplitude": 0.3,
          "rateOfAmplitudeDecay": 0.5
        },
        {
          "start": 880,
          "duration": 1000,
          "initialAmplitude": 0.1,
          "rateOfAmplitudeDecay": 0.5
        },
        {
          "start": 1000,
          "duration": 600,
          "initialAmplitude": 0.3,
          "rateOfAmplitudeDecay": 0.4
        }
      ]
    }
  ],
  "effects": [
        { 
		"phase": "firing",
		"name": "doom_ssgflash"
  	}
  ]
}