{
  "name" : "doom_gausscannon",
  "type": "Gun",
  "maxAmmoCapacity" : 20,
  "compatibleAmmo" : ["ammocreative", "doom_steelflechette"],
  "damage" : 25.0,
  "rpm" : 67,
  "fireModes" : ["SINGLE"],
  "fireSound" : "doom_gausscannon",
  "drawCooldownDuration" : 600,
  "gunRecoilInitialAmplitude" : 0.5,
  "shakeRecoilAmplitude" : 2,
  "shakeRecoilSpeed" : 2,
  "viewRecoilAmplitude" : 4,
  "inspectCooldownDuration": 2720,
  "muzzleFlashScale" : 1.5,
  "aimingEnabled": false,
  "compatibleAttachments": [
    "doom_precisionbolt"
  ],

  "glowingParts": [
    {
      "name": "glowy_new",
      "texture": "textures/effect/doom_plasmaenergy.png",
      "direction": "west",
      "sprites": {
        "type": "loop",
        "rows": 6,
        "columns": 6,
        "fps": 60
      }
    },
    {
      "name": "glowy_new2",
      "texture": "textures/effect/doom_plasmaenergy.png",
      "direction": "west",
      "sprites": {
        "type": "loop",
        "rows": 6,
        "columns": 6,
        "fps": 60
      }
    },
    {
      "name": "glowy_new3",
      "texture": "textures/effect/doom_plasmaenergy.png",
      "direction": "west",
      "sprites": {
        "type": "loop",
        "rows": 6,
        "columns": 6,
        "fps": 60
      }
    },
    {
      "name": "glowy_new4",
      "texture": "textures/effect/doom_plasmaenergy.png",
      "direction": "west",
      "sprites": {
        "type": "loop",
        "rows": 6,
        "columns": 6,
        "fps": 60
      }
    },
    {
      "name": "glowy_new5",
      "texture": "textures/effect/doom_plasmaenergy.png",
      "direction": "west",
      "sprites": {
        "type": "loop",
        "rows": 6,
        "columns": 6,
        "fps": 60
      }
    },
    {
      "name": "glowy_new6",
      "texture": "textures/effect/doom_laser.png",
      "direction": "west"
    },
    {
      "name": "glowy7"
    }
  ],
  "features": [
    {
      "type": "PartVisibility",
      "parts": [
        {
          "name": "precisionbolt",
          "visible": true,
          "condition": {
            "allOf": [
              {
                "hasAttachment": "doom_precisionbolt"
              },
              {
                "isGunInHands": true
              }
            ]
          }
        }
      ]
    }
  ],
  "phasedReloads": [
    {
      "phase": "RELOADING",
      "duration": 1530,
      "animation": "animation.model.reload"
      
    }
  ],
  "effects": [
  	{ 
		"phase": "hit_scan_acquired",
		"name": "doom_laser"
  	},
  	{ 
		"phase": "hit_target",
		"name": "doom_plasma_explosion"
  	},
        { 
		"phase": "firing",
		"name": "doom_plasma_flash"
  	}
  ]
}