{
  "credit": "Made with Blockbench",
  "parent": "builtin/entity",
  "texture_size": [
    300,
    300
  ],
  "display": {
    "thirdperson_righthand": {
      "translation": [
        0.25,
        -6,
        8
      ],
      "scale": [
        0.25,
        0.25,
        0.25
      ]
    },
    "thirdperson_lefthand": {
      "translation": [
        0.25,
        -6,
        8
      ],
      "scale": [
        0.25,
        0.25,
        0.25
      ]
    },
    "firstperson_righthand": {
      "rotation": [
        -28,
        26,
        9
      ],
      "translation": [
        4,
        -24,
        11
      ]
    },
    "firstperson_lefthand": {
      "rotation": [
        -28,
        26,
        9
      ],
      "translation": [
        4,
        -24,
        11
      ]
    },
    "ground": {
      "translation": [
        0,
        -6,
        6.75
      ],
      "scale": [
        0.3,
        0.3,
        0.3
      ]
    },
    "gui": {
      "rotation": [
        160.34,
        20.61,
        -172.34
      ],
      "translation": [
        3,
        -15.75,
        0
      ],
      "scale": [
        0.5,
        0.5,
        0.5
      ]
    },
    "fixed": {
      "rotation": [
        180,
        -90,
        180
      ],
      "translation": [
        -15.25,
        -13.25,
        -1
      ],
      "scale": [
        0.62,
        0.62,
        0.62
      ]
    }
  }
}