{
  "credit": "Made with Blockbench",
  "parent": "builtin/entity",
  "texture_size": [
    300,
    300
  ],
  "display": {
    "thirdperson_righthand": {
      "translation": [
        -2.25,
        -7.25,
        10.75
      ],
      "scale": [
        0.25,
        0.25,
        0.25
      ]
    },
    "thirdperson_lefthand": {
      "translation": [
        2.25,
        -7.25,
        10.75
      ],
      "scale": [
        0.25,
        0.25,
        0.25
      ]
    },
    "firstperson_righthand": {
      "rotation": [
        -28,
        26,
        9
      ],
      "translation": [
        16,
        -14,
        41
      ]
    },
    "firstperson_lefthand": {
      "rotation": [
        -28,
        26,
        9
      ],
      "translation": [
        33,
        -11,
        36
      ]
    },
    "ground": {
      "translation": [
        -2.25,
        -7.25,
        11.5
      ],
      "scale": [
        0.3,
        0.3,
        0.3
      ]
    },
    "gui": {
      "rotation": [
        -140.7,
        34.08,
        176.4
      ],
      "translation": [
        26,
        -3.75,
        0
      ],
      "scale": [
        0.8,
        0.8,
        0.8
      ]
    },
    "fixed": {
      "rotation": [
        180,
        -90,
        180
      ],
      "translation": [
        -25.75,
        -16.5,
        -10.5
      ],
      "scale": [
        0.62,
        0.62,
        0.62
      ]
    }
  }
}