{
  "type": "pointblank:default",
  "ingredients": [
    {
      "count": 100,
      "item": "pointblank:doom_argent_ingot"
    },
    {
      "count": 24,
      "item": "pointblank:guninternals"
    },
    {
      "count": 25,
      "item": "pointblank:doom_argent_compound"
    },
    {
      "count": 2,
      "item": "pointblank:processor"
    },
    {
      "count": 5,
      "item": "minecraft:diamond"
    },
    {
      "count": 20,
      "tag": "forge:ingots/gold"
    },
    {
      "count": 10,
      "item": "minecraft:netherite_ingot"
    }
  ],
  "result": {
    "item": "pointblank:doom_gausscannon"
  }
}