{
	"format_version": "1.12.0",
	"minecraft:geometry": [
		{
			"description": {
				"identifier": "geometry.unknown",
				"texture_width": 256,
				"texture_height": 256,
				"visible_bounds_width": 8,
				"visible_bounds_height": 4,
				"visible_bounds_offset": [0, 1, 0]
			},
			"bones": [
				{
					"name": "bb_main",
					"pivot": [0, 0, 0]
				},
				{
					"name": "main",
					"pivot": [0, 20, 0]
				},
				{
					"name": "gun",
					"parent": "main",
					"pivot": [1, 11, -1],
					"cubes": [
						{"origin": [-2, 3.8, -0.5], "size": [4, 9.7, 5], "inflate": 0.001, "pivot": [1, 13.5, -0.5], "rotation": [35, 0, 0], "uv": [72, 51]},
						{"origin": [-2, 9.2, 8.475], "size": [4, 6, 1], "pivot": [1, 9.2, 9.475], "rotation": [43, 0, 0], "uv": [31, 130]},
						{"origin": [-2, 9.2, 6.975], "size": [4, 1, 2.5], "inflate": -0.001, "pivot": [1, 9.2, 9.475], "rotation": [69.5, 0, 0], "uv": [150, 44]},
						{"origin": [-2, 4.05, 3.825], "size": [4, 1, 5], "pivot": [1, 5.05, 3.825], "rotation": [32.5, 0, 0], "uv": [83, 149]},
						{"origin": [-2, 4.05, 3.825], "size": [4, 1, 2], "inflate": -0.001, "pivot": [1, 5.05, 3.825], "rotation": [79.25, 0, 0], "uv": [122, 150]},
						{"origin": [-2, 13.5, 0], "size": [4, 4.75, 4.5], "pivot": [1, 13.5, -0.5], "rotation": [7, 0, 0], "uv": [75, 170]},
						{"origin": [-2, 12.2, -2], "size": [4, 1, 3], "uv": [119, 114]},
						{"origin": [-2, 16.75, -1.25], "size": [4, 2.25, 5], "inflate": 0.001, "uv": [96, 10]},
						{"origin": [-3, 9.25, 35.4], "size": [6, 15, 2.5], "inflate": 0.001, "uv": [51, 50]},
						{"origin": [-3, 11, 33.4], "size": [6, 5.5, 2], "inflate": 0.001, "uv": [77, 10]},
						{"origin": [-3, 11, 33.4], "size": [6, 1, 3], "pivot": [3, 11, 33.4], "rotation": [-20.75, 0, 0], "uv": [96, 86]},
						{"origin": [-3, 15.5, 33.4], "size": [6, 1, 3], "pivot": [3, 16.5, 33.4], "rotation": [29.75, 0, 0], "uv": [72, 81]},
						{"origin": [2, 11.5, -50.5], "size": [1, 1.75, 25], "pivot": [3, 13.25, -50.5], "rotation": [0, 0, 49], "uv": [110, 142]},
						{"origin": [2.175, 10, -27.5], "size": [1, 1.75, 13], "pivot": [3.175, 11.75, -27.5], "rotation": [0, 0, 49], "uv": [196, 197]},
						{"origin": [-3.175, 10, -27.5], "size": [1, 1.75, 13], "pivot": [-3.175, 11.75, -27.5], "rotation": [0, 0, -49], "uv": [19, 182]},
						{"origin": [2, 13.25, -50.5], "size": [1, 3.25, 25], "inflate": 0.001, "pivot": [3, 13.25, -50.5], "rotation": [0, 0, -7.25], "uv": [83, 133]},
						{"origin": [0, 11.75, -27.5], "size": [3, 2.75, 13], "inflate": 0.002, "pivot": [3, 13.25, -27.5], "rotation": [0, 0, -7.25], "uv": [82, 107]},
						{"origin": [-3, 11.75, -27.5], "size": [3, 2.75, 13], "inflate": 0.002, "pivot": [-3, 13.25, -27.5], "rotation": [0, 0, 7.25], "uv": [41, 107]},
						{"origin": [-3.2, 10, -25.25], "size": [6.4, 2.75, 3], "inflate": 0.002, "uv": [149, 18]},
						{"origin": [-3.2, 10, -22.25], "size": [6.4, 1.2, 5.7], "inflate": 0.001, "pivot": [-3.2, 10, -22.25], "rotation": [15.25, 0, 0], "uv": [139, 75]},
						{"origin": [-3.2, 10.5, -22.25], "size": [6.4, 1.2, 2.7], "pivot": [-3.2, 10.5, -22.25], "rotation": [15.25, 0, 0], "uv": [51, 82]},
						{"origin": [-3.2, 11.5, -22.25], "size": [6.4, 1.25, 5.5], "inflate": 0.002, "uv": [0, 149]},
						{"origin": [-3, 13.25, -50.5], "size": [1, 3.25, 25], "inflate": 0.001, "pivot": [-3, 13.25, -50.5], "rotation": [0, 0, 7.25], "uv": [56, 130]},
						{"origin": [-3, 13.25, -24.85], "size": [1, 3.25, 1.3], "pivot": [-3, 13.25, -24.55], "rotation": [33.25, 0, 7.25], "uv": [24, 50]},
						{"origin": [2, 13.25, -24.85], "size": [1, 3.25, 1.3], "pivot": [3, 13.25, -24.55], "rotation": [33.25, 0, -7.25], "uv": [32, 28]},
						{"origin": [1, 13.65, -27.85], "size": [2, 3.25, 1.3], "pivot": [3, 13.25, -24.55], "rotation": [33.25, 0, -7.25], "uv": [84, 20]},
						{"origin": [-3, 13.65, -27.85], "size": [2, 3.25, 1.3], "pivot": [-3, 13.25, -24.55], "rotation": [33.25, 0, 7.25], "uv": [33, 83]},
						{"origin": [-1.7, 12.1, -50.5], "size": [3.4, 1, 25], "inflate": 0.001, "uv": [0, 130]},
						{"origin": [-2.45, 13, -50.5], "size": [4.9, 3.5, 25], "inflate": 0.002, "uv": [119, 86]},
						{"origin": [-1.85, 10.6, -27.5], "size": [3.7, 3, 13], "inflate": 0.001, "uv": [96, 51]},
						{"origin": [-1.85, 10.6, -30.5], "size": [3.7, 1, 3], "inflate": 0.001, "pivot": [-1.85, 10.6, -27.5], "rotation": [-55.25, 0, 0], "uv": [94, 135]},
						{"origin": [-3, 11.5, -50.5], "size": [1, 1.75, 25], "pivot": [-3, 13.25, -50.5], "rotation": [0, 0, -49], "uv": [139, 57]},
						{"origin": [-6.1, 20.2, 4.7], "size": [5.5, 1, 4.9], "inflate": -0.2, "pivot": [-5.9, 21, 4.9], "rotation": [0, 0, -37], "uv": [110, 161]},
						{"origin": [0.6, 20.2, 4.7], "size": [5.5, 1, 4.9], "inflate": -0.2, "pivot": [5.9, 21, 4.9], "rotation": [0, 0, 37], "uv": [137, 160]},
						{"origin": [0.6, 20.2, 4.7], "size": [5.5, 1, 2.15], "inflate": -0.201, "pivot": [5.9, 21, 4.9], "rotation": [0, -18.5, 37], "uv": [116, 22]},
						{"origin": [-6.1, 20.2, 4.7], "size": [5.5, 1, 2.15], "inflate": -0.201, "pivot": [-5.9, 21, 4.9], "rotation": [0, 18.5, -37], "uv": [65, 86]},
						{"origin": [0.6, 20.2, 9.2], "size": [1.5, 1, 7.4], "inflate": -0.2, "pivot": [5.9, 21, 9.4], "rotation": [0, 0, 37], "uv": [168, 44]},
						{"origin": [2.925, 20.2, 10.2], "size": [1.7, 1, 4.1], "inflate": -0.201, "pivot": [5.9, 21, 9.4], "rotation": [0, -37.75, 37], "uv": [151, 66]},
						{"origin": [2.125, 20.2, 10.2], "size": [1.7, 1, 3.1], "inflate": -0.202, "pivot": [5.9, 21, 9.4], "rotation": [0, -37.75, 37], "uv": [19, 94]},
						{"origin": [-3.825, 20.2, 10.2], "size": [1.7, 1, 3.1], "inflate": -0.202, "pivot": [-5.9, 21, 9.4], "rotation": [0, 37.75, -37], "uv": [30, 90]},
						{"origin": [-4.625, 20.2, 10.2], "size": [1.7, 1, 4.1], "inflate": -0.201, "pivot": [-5.9, 21, 9.4], "rotation": [0, 37.75, -37], "uv": [151, 57]},
						{"origin": [-2.1, 20.2, 9.2], "size": [1.5, 1, 7.4], "inflate": -0.2, "pivot": [-5.9, 21, 9.4], "rotation": [0, 0, -37], "uv": [135, 130]},
						{"origin": [5.1, 16.65, 4.7], "size": [1, 2.2, 4.9], "inflate": -0.2, "pivot": [5.9, 18.65, 4.9], "rotation": [0, 0, 42.5], "uv": [14, 137]},
						{"origin": [-6.1, 16.65, 4.7], "size": [1, 2.2, 4.9], "inflate": -0.2, "pivot": [-5.9, 18.65, 4.9], "rotation": [0, 0, -42.5], "uv": [133, 90]},
						{"origin": [-2.025, 23.275, 3.1], "size": [4.05, 1, 13.5], "inflate": -0.201, "uv": [187, 132]},
						{"origin": [-4.875, 17.125, 4.7], "size": [9.75, 1, 4.9], "inflate": -0.201, "uv": [0, 32]},
						{"origin": [5.1, 18.45, 4.7], "size": [1, 2.75, 4.9], "inflate": -0.199, "uv": [70, 140]},
						{"origin": [-6.1, 18.45, 4.7], "size": [1, 2.75, 4.9], "inflate": -0.199, "uv": [131, 13]},
						{"origin": [-2, 12.2, -2], "size": [4, 1, 3], "inflate": -0.001, "pivot": [1, 13.2, -2], "rotation": [19.25, 0, 0], "uv": [22, 32]},
						{"origin": [-2, 18, -1.25], "size": [4, 1, 3], "pivot": [1, 19, -1.25], "rotation": [-67.5, 0, 0], "uv": [60, 115]},
						{"origin": [-1.5, 13.8, -0.85], "size": [3, 5.1, 2], "inflate": -0.001, "pivot": [1.5, 13.9, -0.85], "rotation": [22, 0, 0], "uv": [43, 130]},
						{"origin": [-1.5, 13.8, -14.4], "size": [3, 5.1, 2], "inflate": -0.001, "pivot": [1.5, 13.9, -12.4], "rotation": [-22, 0, 0], "uv": [14, 130]},
						{"origin": [-1.5, 13.15, -14.85], "size": [3, 1, 15], "uv": [183, 108]},
						{"origin": [-1.5, 14.15, -35.35], "size": [3, 4.75, 23], "inflate": 0.001, "uv": [139, 30]},
						{"origin": [-1, 14.15, -12.6], "size": [2, 4, 5], "uv": [41, 90]},
						{"origin": [-1.5, 17.9, -13.35], "size": [3, 4, 12], "uv": [92, 190]},
						{"origin": [-5.5, 18.9, -1.35], "size": [11, 2, 11.5], "uv": [177, 83]},
						{"origin": [-1.05, 25.65, -9.35], "size": [2.1, 1, 14], "uv": [119, 114]},
						{"origin": [-2.05, 25.4, 11.4], "size": [4.1, 1.6, 4], "uv": [174, 5]},
						{"origin": [-2.05, 25.4, 15.4], "size": [4.1, 1.6, 4], "inflate": -0.001, "pivot": [2.05, 27, 15.4], "rotation": [-24.75, 0, 0], "uv": [174, 0]},
						{"origin": [-2.05, 23.4, 17.65], "size": [4.1, 2.5, 12.75], "uv": [187, 156]},
						{"origin": [-2.05, 24.4, 30.4], "size": [4.1, 1.5, 5.75], "uv": [21, 120]},
						{"origin": [-2.05, 9.65, 36.15], "size": [4.1, 16, 3.75], "uv": [0, 130]},
						{"origin": [-3.3, 23.375, 35.65], "size": [6.6, 3, 2], "uv": [58, 101]},
						{"origin": [-2.05, 23.4, 13.65], "size": [4.1, 1, 4], "inflate": -0.002, "pivot": [2.05, 23.4, 17.65], "rotation": [-36.5, 0, 0], "uv": [99, 101]},
						{"origin": [-2.05, 23.4, 29.4], "size": [4.1, 2, 1], "inflate": -0.001, "pivot": [2.05, 23.4, 30.4], "rotation": [-48.5, 0, 0], "uv": [149, 147]},
						{"origin": [-1.75, 25.95, 1.4], "size": [3.5, 1.2, 3], "uv": [137, 124]},
						{"origin": [-1.25, 23.7, 4.15], "size": [2.5, 2.2, 1.25], "uv": [90, 94]},
						{"origin": [-1.25, 23.3, 5.375], "size": [2.5, 1, 11.025], "uv": [154, 167]},
						{"origin": [-1.25, 26.45, 1.3], "size": [2.5, 1, 3], "uv": [120, 154]},
						{"origin": [0.05, 26.45, 4.3], "size": [1.2, 1, 2], "inflate": -0.001, "pivot": [1.25, 27.45, 4.3], "rotation": [0, -18.5, 0], "uv": [67, 95]},
						{"origin": [-1.25, 26.45, 4.3], "size": [1.2, 1, 2], "inflate": -0.002, "pivot": [-1.25, 27.45, 4.3], "rotation": [0, 18.5, 0], "uv": [58, 95]},
						{"origin": [-0.75, 26.45, 4.3], "size": [1.5, 1, 5.5], "pivot": [0.75, 27.45, 4.3], "rotation": [-6.25, 0, 0], "uv": [41, 107]},
						{"origin": [-0.75, 25.85, 9.3], "size": [1.5, 1, 2.5], "inflate": 0.001, "uv": [96, 0]},
						{"origin": [-1.75, 25.85, 4.4], "size": [3.5, 1.3, 1.1], "inflate": 0.001, "pivot": [1.75, 27.15, 4.4], "rotation": [-34.5, 0, 0], "uv": [116, 14]},
						{"origin": [-1.75, 25.45, 4.6], "size": [3.5, 1.2, 5.05], "uv": [168, 132]},
						{"origin": [-1.65, 25.55, 8.6], "size": [3.3, 1, 5.05], "uv": [168, 35]},
						{"origin": [-1.4, 24.3, 5.4], "size": [2.8, 1, 5.05], "uv": [100, 20]},
						{"origin": [1.2, 23.8, 9.4], "size": [1, 1.5, 2.75], "inflate": -0.2, "pivot": [2.2, 25.3, 9.45], "rotation": [39.5, 0, 0], "uv": [82, 94]},
						{"origin": [-2.2, 23.8, 9.4], "size": [1, 1.5, 2.75], "inflate": -0.2, "pivot": [-2.2, 25.3, 9.45], "rotation": [39.5, 0, 0], "uv": [0, 94]},
						{"origin": [-1.4, 24.3, 12.85], "size": [2.8, 1.5, 3.55], "uv": [110, 154]},
						{"origin": [-2, 25.65, -17.85], "size": [4, 1, 6.5], "uv": [19, 100]},
						{"origin": [-2, 26.65, -16.85], "size": [1, 1.325, 5.5], "inflate": -0.001, "pivot": [-2, 26.65, -16.85], "rotation": [0, 0, 34.25], "uv": [41, 113]},
						{"origin": [1, 26.65, -16.85], "size": [1, 1.325, 5.5], "inflate": -0.001, "pivot": [2, 26.65, -16.85], "rotation": [0, 0, -34.25], "uv": [101, 107]},
						{"origin": [-1.25, 26.65, -16.85], "size": [1, 1.1, 5.5], "uv": [82, 113]},
						{"origin": [-0.5, 26.4, -16.85], "size": [1, 1.1, 5.5], "uv": [96, 58]},
						{"origin": [0.25, 26.65, -16.85], "size": [1, 1.1, 5.5], "uv": [100, 26]},
						{"origin": [-0.05, 26.75, -11.35], "size": [1.3, 1, 4.125], "inflate": -0.001, "pivot": [1.25, 27.75, -11.35], "rotation": [-16.02445, -3.12397, 0.89671], "uv": [150, 39]},
						{"origin": [-1.25, 26.75, -11.35], "size": [1.2, 1, 4.125], "inflate": -0.002, "pivot": [-1.25, 27.75, -11.35], "rotation": [-16.02445, 3.12397, -0.89671], "uv": [149, 142]},
						{"origin": [0, 25.65, -11.35], "size": [2, 1, 4.5], "inflate": -0.001, "pivot": [2, 26.65, -11.35], "rotation": [0, -14, 0], "uv": [116, 72]},
						{"origin": [-2, 25.65, -11.35], "size": [2, 1, 4.5], "inflate": -0.001, "pivot": [-2, 26.65, -11.35], "rotation": [0, 14, 0], "uv": [116, 67]},
						{"origin": [-0.75, 24.8, -12.35], "size": [1.5, 1, 17.5], "uv": [0, 181]},
						{"origin": [3.5, 18.9, 10.15], "size": [2, 2, 4.5], "inflate": 0.001, "pivot": [5.5, 20.9, 10.15], "rotation": [0, -35.25, 0], "uv": [101, 113]},
						{"origin": [-5.5, 18.9, 10.15], "size": [2, 2, 4.5], "inflate": 0.001, "pivot": [-5.5, 20.9, 10.15], "rotation": [0, 35.25, 0], "uv": [82, 107]},
						{"origin": [3.5, 19.5, 10.15], "size": [2, 1.4, 4.5], "inflate": -0.001, "pivot": [5.5, 20.9, 10.15], "rotation": [15.75, -35.25, 0], "uv": [94, 130]},
						{"origin": [-3, 18.9, 9.65], "size": [6, 3.225, 10.5], "inflate": 0.002, "uv": [122, 192]},
						{"origin": [-4, 18.9, 17.9], "size": [8, 2.725, 17.5], "uv": [168, 25]},
						{"origin": [2.5, 21.6, 17.9], "size": [1.5, 3.225, 17.5], "inflate": -0.001, "pivot": [4, 21.6, 17.9], "rotation": [0, 0, -47.5], "uv": [0, 90]},
						{"origin": [1.5, 18.9, 17.9], "size": [2.5, 1.725, 17.5], "inflate": -0.001, "pivot": [4, 18.9, 17.9], "rotation": [0, 0, -39.75], "uv": [51, 68]},
						{"origin": [-4, 18.9, 17.9], "size": [2.5, 1.725, 17.5], "inflate": -0.001, "pivot": [-4, 18.9, 17.9], "rotation": [0, 0, 39.75], "uv": [51, 50]},
						{"origin": [-4, 21.6, 17.9], "size": [1.5, 3.225, 17.5], "inflate": -0.001, "pivot": [-4, 21.6, 17.9], "rotation": [0, 0, 47.5], "uv": [77, 0]},
						{"origin": [-2.5, 13.9, 17.9], "size": [5, 5.475, 17.5], "inflate": 0.001, "uv": [106, 168]},
						{"origin": [-1.75, 21.475, 17.9], "size": [3.5, 2.975, 17.5], "inflate": 0.001, "uv": [174, 0]},
						{"origin": [-1.75, 14.15, 13.65], "size": [3.5, 5.225, 5.5], "uv": [169, 167]},
						{"origin": [-1.75, 14.15, 13.65], "size": [3.5, 6.225, 2.5], "inflate": -0.001, "pivot": [1.75, 14.15, 13.65], "rotation": [30, 0, 0], "uv": [60, 107]},
						{"origin": [-2.5, 9.65, 21.9], "size": [5, 4.475, 13.5], "uv": [77, 20]},
						{"origin": [-3, 4.9, 20.7], "size": [6, 10.5, 3.5], "uv": [72, 68]},
						{"origin": [2.425, 6.725, 23.05], "size": [1, 2, 2.5], "pivot": [3.425, 6.725, 23.05], "rotation": [0, 0, -7.5], "uv": [32, 75]},
						{"origin": [-3.425, 6.725, 23.05], "size": [1, 2, 2.5], "pivot": [-3.425, 6.725, 23.05], "rotation": [0, 0, 7.5], "uv": [32, 71]},
						{"origin": [-2.45, 6.6, 23.05], "size": [4.9, 1, 2.5], "inflate": 0.001, "uv": [102, 130]},
						{"origin": [-2.5, 6.65, 24.9], "size": [5, 4, 9.5], "inflate": -0.001, "pivot": [2.5, 6.65, 24.9], "rotation": [18.75, 0, 0], "uv": [201, 19]},
						{"origin": [-1.25, 22, 9.65], "size": [2.5, 1, 10.5], "inflate": 0.001, "uv": [119, 91]},
						{"origin": [3.5, 18.15, -34.1], "size": [2.5, 2, 18], "inflate": 0.001, "uv": [132, 172]},
						{"origin": [1, 18.15, -34.1], "size": [5, 2, 1], "pivot": [6, 20.15, -34.1], "rotation": [0, -19.5, 0], "uv": [150, 33]},
						{"origin": [0.8, 20.4, -43.85], "size": [1, 1.5, 9], "pivot": [1.8, 21.9, -41.85], "rotation": [0, 0, 33], "uv": [83, 130]},
						{"origin": [0.8, 19.9, -37.85], "size": [1, 2, 5], "inflate": -0.002, "pivot": [1.8, 21.9, -36.85], "rotation": [0, 59.75, 33], "uv": [96, 67]},
						{"origin": [-1.8, 19.9, -37.85], "size": [1, 2, 5], "inflate": -0.002, "pivot": [-1.8, 21.9, -36.85], "rotation": [0, -59.75, -33], "uv": [96, 51]},
						{"origin": [0.8, 19.9, -40.85], "size": [1, 1, 6], "inflate": -0.001, "pivot": [1.8, 21.9, -41.85], "rotation": [0, 0, 33], "uv": [41, 99]},
						{"origin": [0.8, 20.125, -43.225], "size": [1, 1.25, 1], "inflate": -0.002, "pivot": [1.8, 21.9, -41.85], "rotation": [63.75, 0, 33], "uv": [96, 69]},
						{"origin": [-1.8, 20.125, -43.225], "size": [1, 1.25, 1], "inflate": -0.002, "pivot": [-1.8, 21.9, -41.85], "rotation": [63.75, 0, -33], "uv": [96, 67]},
						{"origin": [-1.8, 19.9, -40.85], "size": [1, 1, 6], "inflate": -0.001, "pivot": [-1.8, 21.9, -41.85], "rotation": [0, 0, -33], "uv": [82, 98]},
						{"origin": [-1.8, 20.4, -43.85], "size": [1, 1.5, 9], "pivot": [-1.8, 21.9, -41.85], "rotation": [0, 0, -33], "uv": [19, 90]},
						{"origin": [1, 20.15, -34.1], "size": [1, 1, 1], "pivot": [6, 20.15, -34.1], "rotation": [0, -19.5, 0], "uv": [96, 76]},
						{"origin": [-2, 20.15, -34.1], "size": [1, 1, 1], "pivot": [-6, 20.15, -34.1], "rotation": [0, 19.5, 0], "uv": [96, 74]},
						{"origin": [-1.3, 18.15, -35.8], "size": [2.6, 3, 1], "inflate": 0.001, "uv": [77, 0]},
						{"origin": [0.5, 17.65, -34.1], "size": [5.5, 2.5, 1], "inflate": -0.001, "pivot": [6, 20.15, -34.1], "rotation": [-11.96279, -15.51342, 38.38533], "uv": [150, 30]},
						{"origin": [-6, 17.65, -34.1], "size": [5.5, 2.5, 1], "inflate": -0.001, "pivot": [-6, 20.15, -34.1], "rotation": [-11.96279, 15.51342, -38.38533], "uv": [95, 145]},
						{"origin": [-6, 18.15, -34.1], "size": [5, 2, 1], "pivot": [-6, 20.15, -34.1], "rotation": [0, 19.5, 0], "uv": [31, 150]},
						{"origin": [3.8, 18.75, -16.1], "size": [2.2, 1.4, 4.875], "inflate": -0.002, "pivot": [6, 20.15, -16.1], "rotation": [0, -31.5, 33.75], "uv": [122, 145]},
						{"origin": [-6, 18.75, -16.1], "size": [2.2, 1.4, 4.875], "inflate": -0.002, "pivot": [-6, 20.15, -16.1], "rotation": [0, 31.5, -33.75], "uv": [96, 74]},
						{"origin": [1.25, 18.2, -13.9], "size": [2.2, 1.95, 2], "inflate": -0.001, "pivot": [6, 20.15, -33.9], "rotation": [0, 0, 33.75], "uv": [9, 113]},
						{"origin": [-3.75, 18.15, -13.9], "size": [7.5, 3.15, 2], "inflate": 0.001, "uv": [100, 170]},
						{"origin": [-1.25, 23.15, -13.9], "size": [2.5, 3.15, 2], "inflate": 0.001, "uv": [0, 50]},
						{"origin": [-1.25, 23.15, -35.9], "size": [2.5, 3.15, 5.75], "inflate": 0.001, "uv": [24, 50]},
						{"origin": [-1.25, 23.15, -16.8], "size": [2.5, 3.15, 1], "inflate": 0.001, "uv": [84, 27]},
						{"origin": [-0.75, 23.15, -11.9], "size": [1.5, 3.15, 1.4], "inflate": 0.001, "uv": [72, 50]},
						{"origin": [-0.75, 23.15, -10.925], "size": [1.5, 3.15, 1], "inflate": -0.001, "pivot": [0.75, 25.15, -11.325], "rotation": [-37.5, 0, 0], "uv": [32, 16]},
						{"origin": [3.5, 18.15, -16.1], "size": [2.5, 2, 4.75], "inflate": -0.001, "pivot": [6, 20.15, -16.1], "rotation": [0, -28, 0], "uv": [115, 57]},
						{"origin": [3.5, 18.9, -16.1], "size": [2.5, 1.25, 4.6], "inflate": -0.002, "pivot": [6, 20.15, -16.1], "rotation": [14.75, -28, 0], "uv": [95, 140]},
						{"origin": [5.875, 17.325, -14.175], "size": [2, 3, 2], "inflate": -0.5, "pivot": [7.425, 19.825, -13.775], "rotation": [-32.37639, -75.68763, 54.99082], "uv": [0, 0]},
						{"origin": [6.175, 17.825, -13.775], "size": [1.25, 2, 5.6], "inflate": -0.3, "pivot": [7.425, 19.825, -13.775], "rotation": [-12.68047, -52.91231, 33.60131], "uv": [24, 0]},
						{"origin": [-3.45, 18.2, -13.9], "size": [2.2, 1.95, 2], "inflate": -0.001, "pivot": [-6, 20.15, -33.9], "rotation": [0, 0, -33.75], "uv": [9, 110]},
						{"origin": [-6, 18.75, -34.1], "size": [2.2, 1.4, 17.75], "pivot": [-6, 20.15, -34.1], "rotation": [0, 0, -38.75], "uv": [155, 180]},
						{"origin": [-6, 18.75, -16.1], "size": [2.2, 1.4, 2], "pivot": [-6, 20.15, -16.1], "rotation": [-7.5, 31.25, -38.75], "uv": [30, 94]},
						{"origin": [-5, 18.75, -34.1], "size": [6.2, 1.4, 4], "inflate": -0.001, "pivot": [-6, 20.15, -36.1], "rotation": [0, 0, -38.75], "uv": [110, 130]},
						{"origin": [-6, 17.65, -34.1], "size": [7.1, 2.5, 2], "inflate": -0.002, "pivot": [-6, 20.15, -34.1], "rotation": [0, 15.5, -38.75], "uv": [58, 149]},
						{"origin": [-1.1, 17.65, -34.1], "size": [7.1, 2.5, 2], "inflate": -0.002, "pivot": [6, 20.15, -34.1], "rotation": [0, -15.5, 38.75], "uv": [114, 86]},
						{"origin": [-1.2, 18.75, -34.1], "size": [6.2, 1.4, 4], "inflate": -0.001, "pivot": [6, 20.15, -36.1], "rotation": [0, 0, 38.75], "uv": [108, 91]},
						{"origin": [3.8, 18.75, -34.1], "size": [2.2, 1.4, 17.75], "pivot": [6, 20.15, -34.1], "rotation": [0, 0, 38.75], "uv": [0, 110]},
						{"origin": [3.8, 18.75, -16.1], "size": [2.2, 1.4, 2], "pivot": [6, 20.15, -16.1], "rotation": [-7.5, -31.25, 38.75], "uv": [9, 94]},
						{"origin": [-6, 18.9, -16.1], "size": [2.5, 1.25, 4.6], "inflate": -0.002, "pivot": [-6, 20.15, -16.1], "rotation": [14.75, 28, 0], "uv": [137, 119]},
						{"origin": [-6, 18.15, -16.1], "size": [2.5, 2, 4.75], "inflate": -0.001, "pivot": [-6, 20.15, -16.1], "rotation": [0, 28, 0], "uv": [115, 51]},
						{"origin": [-6, 18.15, -34.1], "size": [2.5, 2, 18], "inflate": 0.001, "uv": [116, 30]},
						{"origin": [-4.25, 18.9, -11.6], "size": [3, 2.5, 10.25], "uv": [200, 96]},
						{"origin": [1.5, 18.9, -11.6], "size": [4.25, 2.5, 1], "uv": [31, 137]},
						{"origin": [0.8, 18.175, -11.6], "size": [4.25, 1, 8.75], "inflate": -0.001, "uv": [119, 102]},
						{"origin": [4.75, 17.9, -11.6], "size": [1, 1, 8.75], "inflate": -0.001, "pivot": [5.75, 18.9, -11.6], "rotation": [0, 0, 44.25], "uv": [75, 161]},
						{"origin": [1.85, 19.65, -11.6], "size": [3.9, 1.75, 1], "inflate": -0.001, "pivot": [5.75, 21.4, -11.6], "rotation": [0, 0, 25], "uv": [116, 12]},
						{"origin": [1.85, 20.4, -10.6], "size": [1, 1, 6.75], "inflate": -0.001, "pivot": [5.75, 21.4, -10.6], "rotation": [0, 0, 25], "uv": [82, 91]},
						{"origin": [1.5, 18.9, -3.85], "size": [4.25, 2.5, 1], "uv": [130, 22]},
						{"origin": [6.5, 15.4, -11.1], "size": [2, 2, 1.75], "uv": [90, 91]},
						{"origin": [6.5, 17.4, -11.1], "size": [2, 1.2, 1.75], "inflate": -0.001, "pivot": [8.5, 17.4, -11.1], "rotation": [0, 0, -28.5], "uv": [10, 100]},
						{"origin": [7.7, 16.4, -9.65], "size": [1, 1, 4.75], "inflate": -0.2, "uv": [96, 149]},
						{"origin": [6.5, 17.4, -5.1], "size": [2, 1.2, 1.75], "inflate": -0.001, "pivot": [8.5, 17.4, -5.1], "rotation": [0, 0, -28.5], "uv": [0, 100]},
						{"origin": [6.5, 15.4, -5.1], "size": [2, 2, 1.75], "uv": [51, 72]},
						{"origin": [6.75, 15.4, -9.35], "size": [1.5, 2, 4.25], "uv": [131, 7]},
						{"origin": [5.7, 18.05, -11.05], "size": [2, 4.5, 1.25], "inflate": -0.2, "pivot": [7.7, 18.8, -11.05], "rotation": [0, 0, -28.5], "uv": [33, 50]},
						{"origin": [4.05, 22, -11.05], "size": [2, 2.85, 1.25], "inflate": -0.201, "pivot": [6.05, 22, -11.05], "rotation": [0, 0, -75.25], "uv": [82, 91]},
						{"origin": [4.05, 22, -4.65], "size": [2, 2.85, 1.25], "inflate": -0.201, "pivot": [6.05, 22, -4.65], "rotation": [0, 0, -75.25], "uv": [77, 4]},
						{"origin": [5.7, 18.05, -4.65], "size": [2, 4.5, 1.25], "inflate": -0.2, "pivot": [7.7, 18.8, -4.65], "rotation": [0, 0, -28.5], "uv": [31, 0]},
						{"origin": [1.85, 19.65, -3.85], "size": [3.9, 1.75, 1], "inflate": -0.001, "pivot": [5.75, 21.4, -3.85], "rotation": [0, 0, 25], "uv": [116, 10]},
						{"origin": [-4.25, 20.4, -11.6], "size": [2.25, 1, 8.75], "inflate": -0.001, "pivot": [-4.25, 21.4, -11.6], "rotation": [0, 0, -26], "uv": [0, 156]},
						{"origin": [-5.5, 18.9, -3.275], "size": [4, 2, 1.925], "inflate": -0.001, "pivot": [-5.5, 20.9, -1.35], "rotation": [0, -38.5, 0], "uv": [151, 62]},
						{"origin": [-5.5, 19.9, -3.275], "size": [4, 1, 1.925], "inflate": -0.002, "pivot": [-5.5, 20.9, -1.35], "rotation": [-16.5, -38.5, 0], "uv": [41, 122]},
						{"origin": [1.75, 18.9, -1.35], "size": [3.75, 2, 11.5], "inflate": -0.001, "pivot": [5.5, 20.9, -1.35], "rotation": [0, 0, 26.25], "uv": [59, 201]},
						{"origin": [0.75, 18.9, 11.65], "size": [1.95, 2, 8.5], "inflate": -0.001, "pivot": [5.5, 20.9, 8.65], "rotation": [0, 0, 26.25], "uv": [158, 114]},
						{"origin": [-2.7, 18.9, 11.65], "size": [1.95, 2, 8.5], "inflate": -0.001, "pivot": [-5.5, 20.9, 8.65], "rotation": [0, 0, -26.25], "uv": [50, 158]},
						{"origin": [2.75, 19.9, 10.15], "size": [2.75, 1, 4.5], "inflate": -0.002, "pivot": [5.5, 20.9, 10.15], "rotation": [0, -39.25, 26.25], "uv": [137, 114]},
						{"origin": [-5.5, 19.5, 10.15], "size": [2, 1.4, 4.5], "inflate": -0.001, "pivot": [-5.5, 20.9, 10.15], "rotation": [15.75, 35.25, 0], "uv": [119, 118]},
						{"origin": [-5.5, 19.9, 10.15], "size": [2.75, 1, 4.5], "inflate": -0.002, "pivot": [-5.5, 20.9, 10.15], "rotation": [0, 39.25, -26.25], "uv": [119, 123]},
						{"origin": [-5.5, 18.9, -1.35], "size": [3.75, 2, 11.5], "inflate": -0.001, "pivot": [-5.5, 20.9, -1.35], "rotation": [0, 0, -26.25], "uv": [57, 183]},
						{"origin": [-5.5, 18.9, -3.35], "size": [1, 2, 2], "inflate": -0.002, "pivot": [-5.5, 20.9, -1.35], "rotation": [0, -41.5, -26.25], "uv": [50, 91]},
						{"origin": [1.5, 19.9, -3.275], "size": [4, 1, 1.925], "inflate": -0.002, "pivot": [5.5, 20.9, -1.35], "rotation": [-16.5, 38.5, 0], "uv": [118, 82]},
						{"origin": [4.5, 18.9, -3.35], "size": [1, 2, 2], "inflate": -0.002, "pivot": [5.5, 20.9, -1.35], "rotation": [0, 41.5, 26.25], "uv": [0, 90]},
						{"origin": [-4.25, 18.9, -2.85], "size": [2.5, 2, 1.5], "inflate": -0.001, "pivot": [-5.5, 20.9, -2.85], "rotation": [0, 0, -26.25], "uv": [41, 99]},
						{"origin": [1.75, 18.9, -2.85], "size": [2.5, 2, 1.5], "inflate": -0.001, "pivot": [5.5, 20.9, -2.85], "rotation": [0, 0, 26.25], "uv": [90, 98]},
						{"origin": [1.5, 18.9, -3.275], "size": [4, 2, 1.925], "inflate": -0.001, "pivot": [5.5, 20.9, -1.35], "rotation": [0, 38.5, 0], "uv": [43, 150]},
						{"origin": [-1, 15.05, -5.55], "size": [2, 4, 1], "inflate": -0.1, "pivot": [1, 15.05, -4.55], "rotation": [-21, 0, 0], "uv": [32, 58]},
						{"origin": [-1.95, 21.3, -18], "size": [1, 2, 23], "inflate": 0.001, "pivot": [-1.95, 21.3, -18], "rotation": [0, 0, 11], "uv": [152, 83]},
						{"origin": [-1.75, 23.02, -18], "size": [1, 1, 23], "inflate": -0.001, "pivot": [-0.2, 23.99, -18], "rotation": [0, 0, -29], "uv": [162, 156]},
						{"origin": [-1.05, 23.095, -11], "size": [1, 1, 15], "inflate": -0.35, "uv": [82, 91]},
						{"origin": [0.05, 23.095, -11], "size": [1, 1, 15], "inflate": -0.35, "uv": [41, 91]},
						{"origin": [0.75, 23.02, -18], "size": [1, 1, 23], "inflate": -0.001, "pivot": [0.2, 23.99, -18], "rotation": [0, 0, 29], "uv": [166, 57]},
						{"origin": [0.95, 21.3, -18], "size": [1, 2, 23], "inflate": 0.001, "pivot": [1.95, 21.3, -18], "rotation": [0, 0, -11], "uv": [0, 156]},
						{"origin": [1.2, 21.4, -36], "size": [1, 2, 23], "inflate": 0.001, "pivot": [2.2, 21.4, -36], "rotation": [0, 0, -11], "uv": [149, 0]},
						{"origin": [0.7, 21.4, -36], "size": [1.5, 1, 23], "pivot": [2.2, 21.4, -36], "rotation": [0, 0, -37.5], "uv": [50, 159]},
						{"origin": [-2.2, 21.4, -36], "size": [1.5, 1, 23], "pivot": [-2.2, 21.4, -36], "rotation": [0, 0, 37.5], "uv": [158, 108]},
						{"origin": [0.75, 23.12, -36], "size": [1.25, 1, 23], "inflate": -0.001, "pivot": [0.45, 24.09, -36], "rotation": [0, 0, 29], "uv": [162, 132]},
						{"origin": [-0.725, 22.97, -36], "size": [1.45, 1, 23], "uv": [25, 158]},
						{"origin": [-1.025, 20.47, -36], "size": [2.05, 1, 23], "uv": [31, 130]},
						{"origin": [-2, 23.12, -36], "size": [1.25, 1, 23], "inflate": -0.001, "pivot": [-0.45, 24.09, -36], "rotation": [0, 0, -29], "uv": [75, 161]},
						{"origin": [-2.2, 21.4, -36], "size": [1, 2, 23], "inflate": 0.001, "pivot": [-2.2, 21.4, -36], "rotation": [0, 0, 11], "uv": [137, 142]},
						{"origin": [-2.45, 21.25, -13.9], "size": [1, 2.25, 2], "inflate": 0.001, "pivot": [-2.45, 21.5, -13.9], "rotation": [0, 0, 11], "uv": [67, 91]},
						{"origin": [-2.25, 23.22, -13.9], "size": [1.5, 1, 2], "inflate": -0.001, "pivot": [-0.7, 24.19, -13.9], "rotation": [0, 0, -29], "uv": [82, 98]},
						{"origin": [1.45, 21.25, -13.9], "size": [1, 2.25, 2], "inflate": 0.001, "pivot": [2.45, 21.5, -13.9], "rotation": [0, 0, -11], "uv": [58, 91]},
						{"origin": [0.75, 23.22, -13.9], "size": [1.5, 1, 2], "inflate": -0.001, "pivot": [0.7, 24.19, -13.9], "rotation": [0, 0, 29], "uv": [96, 3]},
						{"origin": [-0.325, 26.725, 2.75], "size": [1, 1, 1], "inflate": -0.1, "pivot": [0.675, 27.725, 2.75], "rotation": [0, -35, 0], "uv": [96, 58]},
						{"origin": [-0.95, 26.25, -7.65], "size": [2, 1, 8], "inflate": -0.2, "uv": [152, 95]},
						{"origin": [-0.95, 16.15, -50.15], "size": [2, 1, 15], "inflate": -0.2, "uv": [70, 185]},
						{"origin": [-1.5, 26.325, -9.3], "size": [3, 2.6, 2.1], "inflate": -0.7, "pivot": [1.3, 27.625, -9.1], "rotation": [-27.75, 0, 0], "uv": [149, 151]},
						{"origin": [0.2, 26.675, -10], "size": [1, 2, 1.45], "inflate": -0.201, "uv": [77, 20]},
						{"origin": [-1.2, 26.675, -10], "size": [1, 2, 1.45], "inflate": -0.201, "uv": [33, 32]},
						{"origin": [-1, 26.775, -9.9], "size": [2, 1.5, 1.25], "inflate": -0.2, "uv": [99, 93]},
						{"origin": [-1, 26.575, 1.2], "size": [2, 1.5, 1], "inflate": -0.3, "uv": [99, 91]},
						{"origin": [0.2, 26.675, 1.25], "size": [1, 1.5, 1], "inflate": -0.199, "uv": [41, 90]},
						{"origin": [-1.2, 26.675, 1.25], "size": [1, 1.5, 1], "inflate": -0.199, "uv": [35, 90]},
						{"origin": [-6.985, 11.9, -42.75], "size": [20.175, 13.7, 37.55], "inflate": -7, "pivot": [8.025, 19.775, -35.75], "rotation": [0, 0, 38.75], "uv": [0, 0]},
						{"origin": [-13.19, 11.9, -42.75], "size": [20.175, 13.7, 37.55], "inflate": -7, "pivot": [-8.025, 19.775, -35.75], "rotation": [0, 0, -38.75], "uv": [0, 0], "mirror": true}
					]
				},
				{
					"name": "cover1",
					"parent": "gun",
					"pivot": [5.775, 21.7, -6.4],
					"rotation": [0, 0, -3.75],
					"cubes": [
						{"origin": [1.7, 20.6, -10.8], "size": [2.925, 1, 7.15], "inflate": -0.2, "pivot": [5.575, 21.6, -10.6], "rotation": [0, 0, 25], "uv": [162, 156]},
						{"origin": [3.425, 20.7, -9.4], "size": [2.4, 1, 1.05], "inflate": -0.2, "pivot": [5.775, 21.7, -9.7], "rotation": [0, 0, 25], "uv": [49, 99]},
						{"origin": [4.225, 20.6, -9.8], "size": [1.05, 1, 5.15], "inflate": -0.2, "pivot": [5.575, 21.6, -10.1], "rotation": [0, 0, 25], "uv": [77, 27]},
						{"origin": [3.425, 20.7, -6.1], "size": [2.4, 1, 1.05], "inflate": -0.2, "pivot": [5.775, 21.7, -6.4], "rotation": [0, 0, 25], "uv": [0, 86]}
					]
				},
				{
					"name": "cover2",
					"parent": "gun",
					"pivot": [7.175, 18.675, -6.4],
					"rotation": [0, 0, 36],
					"cubes": [
						{"origin": [6.225, 17.075, -10.8], "size": [2.25, 1, 7.15], "inflate": -0.2, "pivot": [9.425, 18.075, -10.6], "rotation": [0, 0, 25], "uv": [116, 40]},
						{"origin": [7.275, 17.175, -9.4], "size": [2.15, 1, 1.05], "inflate": -0.2, "pivot": [9.625, 18.175, -9.7], "rotation": [0, 0, 25], "uv": [49, 99]},
						{"origin": [8.075, 17.075, -9.8], "size": [1.05, 1, 5.15], "inflate": -0.2, "pivot": [9.425, 18.075, -10.1], "rotation": [0, 0, 25], "uv": [77, 27]},
						{"origin": [7.275, 17.175, -6.1], "size": [2.15, 1, 1.05], "inflate": -0.2, "pivot": [9.625, 18.175, -6.4], "rotation": [0, 0, 25], "uv": [0, 86]}
					]
				},
				{
					"name": "cover3",
					"parent": "gun",
					"pivot": [8.2, 16.05, -5.1],
					"rotation": [0, 0, 19.5],
					"cubes": [
						{"origin": [7.4, 15.85, -10.15], "size": [1, 2.05, 5.85], "inflate": -0.2, "pivot": [8.2, 16.05, -5.1], "rotation": [0, 0, -28.5], "uv": [77, 20]}
					]
				},
				{
					"name": "action",
					"parent": "gun",
					"pivot": [0.5, 23.945, -8.275],
					"cubes": [
						{"origin": [-0.5, 23.67, -8.125], "size": [1, 1.45, 1.9], "inflate": -0.3, "pivot": [0.5, 25.02, -7.825], "rotation": [-73.25, 0, 0], "uv": [85, 51]},
						{"origin": [-0.5, 24.395, -9.15], "size": [1, 1, 1.5], "inflate": -0.1, "uv": [18, 84]},
						{"origin": [-0.5, 22.795, -8.375], "size": [1, 1.25, 1], "inflate": -0.101, "pivot": [0.5, 23.945, -8.275], "rotation": [-77.25, 0, 0], "uv": [85, 53]},
						{"origin": [-0.5, 23.045, -8.375], "size": [1, 1, 1.5], "inflate": -0.1, "pivot": [0.5, 23.945, -8.275], "rotation": [-7.75, 0, 0], "uv": [86, 65]}
					]
				},
				{
					"name": "barrel",
					"parent": "gun",
					"pivot": [0, 28.25, -55],
					"cubes": [
						{"origin": [-3.25, 26.45, -55], "size": [6.5, 1, 39], "uv": [0, 50]},
						{"origin": [-3.15, 25.8, -23], "size": [6.3, 1, 6], "inflate": -0.001, "uv": [0, 82]},
						{"origin": [-3.15, 25.8, -23], "size": [6.3, 2, 1], "inflate": -0.002, "pivot": [3.15, 25.8, -23], "rotation": [67.25, 0, 0], "uv": [51, 86]},
						{"origin": [-3.15, 25.8, -18], "size": [6.3, 1.25, 1], "inflate": -0.002, "pivot": [3.15, 25.8, -17], "rotation": [-53.75, 0, 0], "uv": [72, 65]},
						{"origin": [-4.25, 20.45, -55], "size": [8.5, 3, 12], "uv": [176, 180]},
						{"origin": [-1.75, 17.45, -55], "size": [3.5, 3, 12], "uv": [191, 44]},
						{"origin": [0.75, 20.45, -55], "size": [3.5, 3, 12], "inflate": -0.002, "pivot": [4.25, 23.45, -55], "rotation": [0, 0, 45], "uv": [191, 59]},
						{"origin": [1.75, 17.45, -55], "size": [2.5, 3, 12], "inflate": -0.001, "pivot": [4.25, 20.45, -55], "rotation": [0, 0, 58.25], "uv": [197, 0]},
						{"origin": [-4.25, 17.45, -55], "size": [2.5, 3, 12], "inflate": -0.001, "pivot": [-4.25, 20.45, -55], "rotation": [0, 0, -58.25], "uv": [181, 195]},
						{"origin": [-4.25, 20.45, -55], "size": [4.5, 3, 12], "inflate": -0.001, "pivot": [-4.25, 23.45, -55], "rotation": [0, 0, -45], "uv": [96, 67]},
						{"origin": [-4.25, 17.45, -29], "size": [2.5, 3, 7], "inflate": -0.001, "pivot": [-4.25, 20.45, -29], "rotation": [0, 0, -58.25], "uv": [21, 110]},
						{"origin": [1.75, 17.45, -29], "size": [2.5, 3, 7], "inflate": -0.001, "pivot": [4.25, 20.45, -29], "rotation": [0, 0, 58.25], "uv": [116, 30]},
						{"origin": [-1.75, 18.875, -29], "size": [3.5, 1.575, 7], "uv": [25, 156]},
						{"origin": [-4.25, 20.45, -29], "size": [8.5, 3, 7], "uv": [96, 0]},
						{"origin": [0.75, 20.45, -29], "size": [3.5, 3, 7], "inflate": -0.002, "pivot": [4.25, 23.45, -29], "rotation": [0, 0, 45], "uv": [110, 135]},
						{"origin": [-4.25, 20.45, -29], "size": [4.25, 3, 7], "inflate": -0.001, "pivot": [-4.25, 23.45, -29], "rotation": [0, 0, -45], "uv": [58, 130]},
						{"origin": [1.55, 26.45, -55], "size": [1.7, 1, 39], "inflate": -0.002, "pivot": [3.25, 27.45, -55], "rotation": [0, 0, 26], "uv": [0, 90]},
						{"origin": [-3.25, 26.45, -55], "size": [1.7, 1, 39], "inflate": -0.002, "pivot": [-3.25, 27.45, -55], "rotation": [0, 0, -26], "uv": [75, 11]},
						{"origin": [-1.75, 27.2, -55], "size": [3.5, 1, 39], "inflate": -0.001, "uv": [51, 51]},
						{"origin": [-2.75, 27.2, -22], "size": [5.5, 1, 6], "inflate": -0.003, "uv": [119, 0]},
						{"origin": [-2.55, 26.6, -16.9], "size": [5.1, 1.2, 1], "inflate": -0.003, "uv": [96, 82]},
						{"origin": [-1.75, 27.2, -22], "size": [4.5, 1, 1], "inflate": -0.004, "pivot": [2.75, 28.2, -22], "rotation": [0, -75.25, 0], "uv": [116, 77]},
						{"origin": [-2.75, 27.2, -22], "size": [4.5, 1, 1], "inflate": -0.004, "pivot": [-2.75, 28.2, -22], "rotation": [0, 75.25, 0], "uv": [108, 82]},
						{"origin": [-1, 27.375, -48.9], "size": [2, 1, 33], "inflate": -0.001, "uv": [82, 96]},
						{"origin": [-1, 27.525, -15.1], "size": [2, 1.5, 1], "inflate": -0.2, "uv": [99, 95]},
						{"origin": [-0.5, 26.7, -14.925], "size": [1, 1.5, 1], "inflate": -0.25, "pivot": [0.3, 28, -14.725], "rotation": [12, 0, 0], "uv": [41, 92]},
						{"origin": [-0.75, 27.325, -16.1], "size": [1.5, 1, 1.5], "inflate": -0.2, "uv": [24, 94]},
						{"origin": [-2, 27.275, -16.3], "size": [4, 2, 2], "inflate": -0.7, "pivot": [1.8, 28.075, -16.1], "rotation": [-18.25, 0, 0], "uv": [132, 86]},
						{"origin": [0.35, 27.825, -15.1], "size": [1, 1.45, 1], "inflate": -0.201, "uv": [96, 53]},
						{"origin": [-1.35, 27.825, -15.1], "size": [1, 1.45, 1], "inflate": -0.201, "uv": [96, 51]},
						{"origin": [-0.5, 27.925, -43], "size": [1, 1.45, 1], "inflate": -0.3, "uv": [18, 82]},
						{"origin": [-1.35, 26.775, -15.1], "size": [1, 1.45, 1], "inflate": -0.202, "pivot": [-1.15, 28.025, -14.9], "rotation": [0, 0, -51.75], "uv": [96, 12]},
						{"origin": [0.35, 26.775, -15.1], "size": [1, 1.45, 1], "inflate": -0.202, "pivot": [1.15, 28.025, -14.9], "rotation": [0, 0, 51.75], "uv": [96, 10]},
						{"origin": [-0.75, 27.575, -42.9], "size": [1.5, 1, 10], "inflate": -0.001, "uv": [31, 130]},
						{"origin": [-2.4, 25.575, -45.85], "size": [4.8, 5.8, 25.9], "inflate": -3, "uv": [116, 0]},
						{"origin": [-0.75, 27.575, -30.9], "size": [1.5, 1, 8], "inflate": -0.001, "uv": [100, 161]},
						{"origin": [-0.325, 27.875, -23.55], "size": [1, 1, 1], "inflate": -0.2, "pivot": [0.675, 28.875, -23.55], "rotation": [0, -35, 0], "uv": [96, 60]},
						{"origin": [-2.75, 24.45, -55], "size": [5.5, 2, 33], "uv": [96, 51]},
						{"origin": [0.427, 23.075, -55], "size": [4.125, 5.1, 33], "inflate": -1.8, "uv": [41, 91]},
						{"origin": [1.927, 18.775, -55], "size": [4.125, 6.3, 13.4], "inflate": -1.8, "uv": [36, 183]},
						{"origin": [1.927, 18.775, -30.25], "size": [4.125, 6.3, 9.65], "inflate": -1.8, "uv": [0, 199]},
						{"origin": [0.665, 22.7, -30.25], "size": [4.125, 6.3, 9.65], "inflate": -1.8, "pivot": [4.825, 25.475, -30.25], "rotation": [0, 0, -45], "uv": [145, 198]},
						{"origin": [-4.79, 22.7, -30.25], "size": [4.125, 6.3, 9.65], "inflate": -1.8, "pivot": [-4.825, 25.475, -30.25], "rotation": [0, 0, 45], "uv": [145, 198], "mirror": true},
						{"origin": [-6.052, 18.775, -30.25], "size": [4.125, 6.3, 9.65], "inflate": -1.8, "uv": [0, 199], "mirror": true},
						{"origin": [-6.052, 18.775, -55], "size": [4.125, 6.3, 13.4], "inflate": -1.8, "uv": [36, 183], "mirror": true},
						{"origin": [-4.552, 23.175, -55], "size": [4.125, 5.1, 33], "inflate": -1.8, "uv": [41, 91], "mirror": true},
						{"origin": [-2.75, 24.95, -22], "size": [5.5, 1, 1], "inflate": -0.001, "pivot": [2.75, 24.95, -22], "rotation": [24.75, 0, 0], "uv": [77, 86]},
						{"origin": [-2.75, 25.3, -22], "size": [5.5, 1.25, 5.5], "uv": [18, 82]},
						{"origin": [-1.25, 21.1, -60.05], "size": [3, 3, 25], "inflate": -0.3, "pivot": [0.75, 22.1, -59.05], "rotation": [0, 0, -20], "uv": [127, 114]},
						{"origin": [-1.25, 21.1, -68.05], "size": [3, 3, 9], "pivot": [0.75, 22.1, -68.05], "rotation": [0, 0, -20], "uv": [116, 10]},
						{"origin": [-1.75, 20.6, -55.55], "size": [4, 4, 1], "pivot": [0.75, 22.1, -55.55], "rotation": [0, 0, -20], "uv": [119, 96]},
						{"origin": [1.45, 21.3, -55.7], "size": [1, 4.75, 1], "inflate": -0.3, "uv": [32, 7]},
						{"origin": [-2.45, 21.3, -55.7], "size": [1, 4.75, 1], "inflate": -0.3, "uv": [24, 0]},
						{"origin": [1.45, 25.45, -55.7], "size": [1, 3.25, 1], "inflate": -0.301, "pivot": [2.15, 25.75, -55.4], "rotation": [0, 0, -19.25], "uv": [32, 24]},
						{"origin": [-2.45, 25.45, -55.7], "size": [1, 3.25, 1], "inflate": -0.301, "pivot": [-2.15, 25.75, -55.4], "rotation": [0, 0, 19.25], "uv": [32, 20]},
						{"origin": [0.5, 27.85, -55.7], "size": [1, 1.75, 1], "inflate": -0.301, "uv": [77, 29]},
						{"origin": [-0.85, 31.175, -55.7], "size": [1.7, 1, 1], "inflate": -0.301, "uv": [77, 23]},
						{"origin": [-1.5, 27.85, -55.7], "size": [1, 1.75, 1], "inflate": -0.301, "uv": [77, 27]},
						{"origin": [-1.5, 29, -55.7], "size": [1, 3.25, 1], "inflate": -0.3, "pivot": [-1.2, 29.3, -55.4], "rotation": [0, 0, 13.25], "uv": [32, 12]},
						{"origin": [0.5, 29, -55.7], "size": [1, 3.25, 1], "inflate": -0.3, "pivot": [1.2, 29.3, -55.4], "rotation": [0, 0, -13.25], "uv": [0, 32]},
						{"origin": [-1.65, 27.45, -55.95], "size": [3.3, 1.5, 1.25], "inflate": -0.3, "uv": [30, 97]},
						{"origin": [-3.25, 21.35, -28], "size": [2, 1, 6.6], "pivot": [-3.25, 21.35, -36], "rotation": [0, 0, 37.5], "uv": [158, 132]},
						{"origin": [1.25, 21.35, -28], "size": [2, 1, 6.6], "pivot": [3.25, 21.35, -36], "rotation": [0, 0, -37.5], "uv": [158, 124]},
						{"origin": [-1.025, 23.62, -23.9], "size": [2.05, 1, 2.5], "uv": [60, 72]},
						{"origin": [-1.625, 20.12, -23.9], "size": [3.25, 1, 2.5], "inflate": 0.001, "uv": [43, 146]},
						{"origin": [1.05, 23.42, -23.4], "size": [2, 1, 2], "inflate": -0.001, "pivot": [1.45, 24.39, -23.4], "rotation": [0, 0, 32.5], "uv": [86, 4]},
						{"origin": [-3.05, 23.42, -23.4], "size": [2, 1, 2], "inflate": -0.001, "pivot": [-1.45, 24.39, -23.4], "rotation": [0, 0, -32.5], "uv": [0, 55]},
						{"origin": [2.1, 21.35, -23.4], "size": [1.1, 2.25, 2], "inflate": 0.001, "pivot": [3.2, 21.6, -23.4], "rotation": [0, 0, -11], "uv": [0, 82]},
						{"origin": [-3.2, 21.35, -23.4], "size": [1.1, 2.25, 2], "inflate": 0.001, "pivot": [-3.2, 21.6, -23.4], "rotation": [0, 0, 11], "uv": [33, 79]},
						{"origin": [1.05, 22.42, -44.4], "size": [2, 2, 2], "inflate": -0.001, "pivot": [1.45, 24.39, -44.4], "rotation": [0, 0, 32.5], "uv": [60, 68]},
						{"origin": [-1.025, 23.62, -44.9], "size": [2.05, 1, 2.5], "uv": [0, 5]},
						{"origin": [1.1, 21.35, -44.4], "size": [2.1, 2.25, 2], "inflate": 0.001, "pivot": [3.2, 21.6, -44.4], "rotation": [0, 0, -11], "uv": [86, 0]},
						{"origin": [1.25, 21.35, -49], "size": [2, 1, 6.6], "pivot": [3.25, 21.35, -57], "rotation": [0, 0, -37.5], "uv": [0, 100]},
						{"origin": [-1.625, 20.12, -44.9], "size": [3.25, 1, 2.5], "inflate": 0.001, "uv": [43, 137]},
						{"origin": [-3.05, 22.42, -44.4], "size": [2, 2, 2], "inflate": -0.001, "pivot": [-1.45, 24.39, -44.4], "rotation": [0, 0, -32.5], "uv": [9, 90]},
						{"origin": [-3.2, 21.35, -44.4], "size": [2.1, 2.25, 2], "inflate": 0.001, "pivot": [-3.2, 21.6, -44.4], "rotation": [0, 0, 11], "uv": [19, 90]},
						{"origin": [-3.25, 21.35, -49], "size": [2, 1, 6.6], "pivot": [-3.25, 21.35, -57], "rotation": [0, 0, 37.5], "uv": [0, 120]}
					]
				},
				{
					"name": "rightarm",
					"parent": "main",
					"pivot": [-4.3, 8.8, 21.8],
					"rotation": [-101.81106, -12.40003, -2.46982],
					"cubes": [
						{"origin": [-8.3, -15.2, 17.8], "size": [8, 24, 8], "uv": [0, 50]}
					]
				},
				{
					"name": "leftarm",
					"parent": "main",
					"pivot": [10.7, 2.3, -8.6],
					"rotation": [-119.61483, 1.67666, -38.31282],
					"cubes": [
						{"origin": [6.7, -21.7, -12.6], "size": [8, 24, 8], "uv": [0, 0]}
					]
				},
				{
					"name": "belt",
					"parent": "main",
					"pivot": [8, 14, -11]
				},
				{
					"name": "bullet1",
					"parent": "belt",
					"pivot": [6.975, 18.75, -9.5],
					"rotation": [-0.13347, -0.73803, -9.99914],
					"cubes": [
						{"origin": [5.97238, 18.75, -9.69998], "size": [1, 1, 4.9], "uv": [14, 143]},
						{"origin": [5.675, 18.3, -7.75], "size": [1, 2, 2.5], "inflate": -0.2, "uv": [51, 68]}
					]
				},
				{
					"name": "bullet2",
					"parent": "belt",
					"pivot": [6.325, 20.325, -9.5],
					"rotation": [0, 0, -58],
					"cubes": [
						{"origin": [5.325, 20.325, -9.7], "size": [1, 1, 4.9], "uv": [43, 141]},
						{"origin": [5.025, 19.875, -7.75], "size": [1, 2, 2.5], "inflate": -0.2, "uv": [32, 67]}
					]
				},
				{
					"name": "bullet3",
					"parent": "belt",
					"pivot": [4.975, 21.1, -9.5],
					"rotation": [-0.5, 0, -70.5],
					"cubes": [
						{"origin": [3.975, 21.09825, -9.69999], "size": [1, 1, 4.9], "uv": [133, 96]},
						{"origin": [3.675, 20.65, -7.75], "size": [1, 2, 2.5], "inflate": -0.2, "uv": [32, 63]}
					]
				},
				{
					"name": "belt1",
					"parent": "belt",
					"pivot": [8.625, 15, -11.25],
					"cubes": [
						{"origin": [6.625, 12.3, -11], "size": [1.75, 3, 7.5], "uv": [133, 168]},
						{"origin": [6.375, 14.5, -11.25], "size": [2.25, 1, 8], "uv": [152, 86]}
					]
				},
				{
					"name": "belt2",
					"parent": "belt",
					"pivot": [8.625, 11.775, -11.1],
					"rotation": [12.99766, 0.67016, -1.87916],
					"cubes": [
						{"origin": [6.625, 9.075, -10.85], "size": [1.75, 3, 7.5], "uv": [50, 168]},
						{"origin": [6.375, 11.275, -11.1], "size": [2.25, 1, 8], "uv": [137, 151]}
					]
				},
				{
					"name": "belt3",
					"parent": "belt",
					"pivot": [8.75, 8.75, -10.2],
					"rotation": [25.72398, 1.95352, -4.72955],
					"cubes": [
						{"origin": [6.75, 6.05, -9.95], "size": [1.75, 3, 7.5], "uv": [168, 25]},
						{"origin": [6.5, 8.25, -10.2], "size": [2.25, 1, 8], "uv": [149, 9]}
					]
				},
				{
					"name": "belt4",
					"parent": "belt",
					"pivot": [9.025, 5.975, -8.525],
					"rotation": [41.00891, 2.55825, -3.91477],
					"cubes": [
						{"origin": [7.025, 3.275, -8.275], "size": [1.75, 3, 7.5], "uv": [166, 67]},
						{"origin": [6.775, 5.475, -8.525], "size": [2.25, 1, 8], "uv": [149, 0]}
					]
				},
				{
					"name": "belt5",
					"parent": "belt",
					"pivot": [9.35, 3.8, -6.175],
					"rotation": [55.0483, 0.30466, -2.33817],
					"cubes": [
						{"origin": [7.35, 1.1, -5.925], "size": [1.75, 3, 7.5], "uv": [166, 57]},
						{"origin": [7.1, 3.3, -6.175], "size": [2.25, 1, 8], "uv": [110, 145]}
					]
				},
				{
					"name": "belt6",
					"parent": "belt",
					"pivot": [9.45, 2.2, -3.375],
					"rotation": [70.5483, 0.30466, -2.33817],
					"cubes": [
						{"origin": [7.45, -0.5, -3.125], "size": [1.75, 3, 7.5], "uv": [0, 165]},
						{"origin": [7.2, 1.7, -3.375], "size": [2.25, 1, 8], "uv": [137, 142]}
					]
				},
				{
					"name": "belt7",
					"parent": "belt",
					"pivot": [9.65, 1.325, -0.375],
					"rotation": [83.26165, -5.89342, -1.53815],
					"cubes": [
						{"origin": [7.65, -1.375, -0.125], "size": [1.75, 3, 7.5], "uv": [25, 164]},
						{"origin": [7.4, 0.825, -0.375], "size": [2.25, 1, 8], "uv": [31, 141]}
					]
				},
				{
					"name": "belt8",
					"parent": "belt",
					"pivot": [9.725, 1.025, 2.675],
					"rotation": [93.52461, -6.99326, -4.12393],
					"cubes": [
						{"origin": [7.725, -1.675, 2.925], "size": [1.75, 3, 7.5], "uv": [162, 142]},
						{"origin": [7.475, 0.525, 2.675], "size": [2.25, 1, 8], "uv": [83, 140]}
					]
				},
				{
					"name": "belt9",
					"parent": "belt",
					"pivot": [9.1, 1.2, 5.475],
					"rotation": [96.85139, -24.70716, -5.30608],
					"cubes": [
						{"origin": [7.1, -1.5, 5.725], "size": [1.75, 3, 7.5], "uv": [0, 110]},
						{"origin": [6.85, 0.7, 5.475], "size": [2.25, 1, 8], "uv": [58, 140]}
					]
				},
				{
					"name": "belt10",
					"parent": "belt",
					"pivot": [7.6, 1.55, 8.325],
					"rotation": [102.5148, -32.53145, -7.20845],
					"cubes": [
						{"origin": [5.6, -1.15, 8.575], "size": [1.75, 3, 7.5], "uv": [99, 91]},
						{"origin": [5.35, 1.05, 8.325], "size": [2.25, 1, 8], "uv": [139, 66]}
					]
				},
				{
					"name": "belt11",
					"parent": "belt",
					"pivot": [5.925, 2.075, 10.95],
					"rotation": [105.9256, -31.93932, -7.56549],
					"cubes": [
						{"origin": [3.925, -0.625, 11.2], "size": [1.75, 3, 7.5], "uv": [58, 91]},
						{"origin": [3.675, 1.575, 10.95], "size": [2.25, 1, 8], "uv": [139, 57]}
					]
				},
				{
					"name": "belt12",
					"parent": "belt",
					"pivot": [4.225, 2.8, 13.625],
					"rotation": [107.80341, -28.08677, -6.32234],
					"cubes": [
						{"origin": [2.225, 0.1, 13.875], "size": [1.75, 3, 7.5], "uv": [0, 90]},
						{"origin": [1.975, 2.3, 13.625], "size": [2.25, 1, 8], "uv": [138, 39]}
					]
				},
				{
					"name": "belt13",
					"parent": "belt",
					"pivot": [2.9, 3.575, 16],
					"rotation": [107.01914, -22.83829, -4.50015],
					"cubes": [
						{"origin": [0.9, 0.875, 16.25], "size": [1.75, 3, 7.5], "uv": [77, 0]},
						{"origin": [0.65, 3.075, 16], "size": [2.25, 1, 8], "uv": [138, 30]}
					]
				},
				{
					"name": "belt14",
					"parent": "belt",
					"pivot": [1.85, 4.375, 18.475],
					"rotation": [105.89116, -9.88581, -0.52308],
					"cubes": [
						{"origin": [-0.15, -2.325, 18.725], "size": [1.75, 7, 7.5], "uv": [51, 68]},
						{"origin": [-0.4, 3.875, 18.475], "size": [2.25, 1, 8], "uv": [123, 130]}
					]
				},
				{
					"name": "muzzleflash",
					"parent": "main",
					"pivot": [0, 22.35, -68.55],
					"cubes": [
						{"origin": [-0.5, 21.85, -68.85], "size": [1, 1, 1], "inflate": -0.4, "uv": [75, 22]}
					]
				},
				{
					"name": "scope",
					"parent": "main",
					"pivot": [0, 29.075, -1.55],
					"cubes": [
						{"origin": [-0.5, 28.575, -1.85], "size": [1, 1, 1], "inflate": -0.4, "uv": [72, 54]}
					]
				},
				{
					"name": "_camera_",
					"pivot": [6.825, 33.725, 26.45]
				}
			]
		}
	]
}