{
	"format_version": "1.12.0",
	"minecraft:geometry": [
		{
			"description": {
				"identifier": "geometry.unknown",
				"texture_width": 300,
				"texture_height": 300,
				"visible_bounds_width": 15,
				"visible_bounds_height": 8,
				"visible_bounds_offset": [0, 1, 0]
			},
			"bones": [
				{
					"name": "bb_main",
					"pivot": [0, 0, 0]
				},
				{
					"name": "main",
					"pivot": [0, 26.25, 6.5]
				},
				{
					"name": "gun",
					"parent": "main",
					"pivot": [1, 32.25, 5.5],
					"cubes": [
						{"origin": [-1.5, 32.575, -0.8], "size": [3, 3.5, 6.8], "inflate": 0.001, "pivot": [1, 36.075, -0.5], "rotation": [-38, 0, 0], "uv": [25, 182]},
						{"origin": [-1.7, 26.4, -1.225], "size": [3.4, 5.95, 1], "inflate": -0.301, "pivot": [1.1, 32.35, -0.675], "rotation": [-38, 0, 0], "uv": [0, 0]},
						{"origin": [-1.4, 31.1, -3.175], "size": [2.8, 1.5, 2.225], "pivot": [1.1, 32.6, -1.65], "rotation": [-38, 0, 0], "uv": [24, 38]},
						{"origin": [-1.4, 24.9, -4.175], "size": [2.8, 2.5, 6.225], "pivot": [1.1, 32.6, -1.65], "rotation": [-38, 0, 0], "uv": [173, 196]},
						{"origin": [-1.5, 32.7, 3.1], "size": [3, 1.5, 2.5], "inflate": 0.001, "pivot": [1, 34.2, 3.1], "rotation": [-38, 0, 0], "uv": [36, 23]},
						{"origin": [-1.5, 31.7, 3.1], "size": [3, 2.5, 1], "inflate": 0.002, "pivot": [1, 34.2, 3.1], "rotation": [-105.5, 0, 0], "uv": [46, 23]},
						{"origin": [-7.2, 19.6, -17.75], "size": [14.4, 5, 16.25], "uv": [0, 66]},
						{"origin": [-6.1, 15.85, -43.5], "size": [12.2, 5, 21], "pivot": [5.7, 15.85, -22.5], "rotation": [5.25, 0, 0], "uv": [133, 56]},
						{"origin": [-3.7, 16.775, -26.675], "size": [7.4, 5, 21], "pivot": [3.7, 16.775, -5.675], "rotation": [0, 0, 0], "uv": [131, 147]},
						{"origin": [-3.7, 16.775, -5.675], "size": [7.4, 3, 6], "inflate": 0.001, "pivot": [3.7, 16.775, -5.675], "rotation": [42.25, 0, 0], "uv": [36, 14]},
						{"origin": [-3.7, 12.95, -47.775], "size": [7.4, 11, 7], "pivot": [6.7, 18.95, -39.775], "rotation": [60.25, 0, 0], "uv": [0, 91]},
						{"origin": [-6.7, 18.95, -50.025], "size": [13.4, 5, 10.25], "pivot": [6.7, 18.95, -39.775], "rotation": [60.25, 0, 0], "uv": [198, 178]},
						{"origin": [-4.2, 15.475, -71.45], "size": [8.4, 1.925, 25], "inflate": 0.003, "pivot": [3.45, 15.475, -71.45], "rotation": [-4.5, 0, 0], "uv": [0, 125]},
						{"origin": [2.7, 15.475, -71.45], "size": [1.5, 2.6, 26], "uv": [36, 33]},
						{"origin": [-4.2, 15.475, -71.45], "size": [1.5, 2.6, 26], "uv": [36, 0]},
						{"origin": [-4.2, 16.475, -72.875], "size": [1.5, 1.6, 1.425], "uv": [4, 6]},
						{"origin": [2.7, 16.475, -72.875], "size": [1.5, 1.6, 1.425], "inflate": -0.001, "uv": [0, 6]},
						{"origin": [0.8, 15.475, -71.45], "size": [3.4, 2.6, 1], "pivot": [3.7, 15.475, -71.45], "rotation": [55.75, 0, 0], "uv": [0, 38]},
						{"origin": [-4.2, 15.475, -71.45], "size": [3.4, 2.6, 1], "pivot": [-3.7, 15.475, -71.45], "rotation": [55.75, 0, 0], "uv": [24, 5]},
						{"origin": [-0.95, 15.475, -71.45], "size": [1.9, 1.6, 1], "inflate": -0.001, "pivot": [-0.95, 15.475, -71.45], "rotation": [55.75, 0, 0], "uv": [36, 18]},
						{"origin": [-6.1, 15.85, -25.5], "size": [12.2, 5, 3], "inflate": 0.001, "pivot": [5.7, 15.85, -22.5], "rotation": [-35.5, 0, 0], "uv": [162, 82]},
						{"origin": [-4.2, 22.85, -30.25], "size": [8.4, 4, 23.5], "uv": [82, 182]},
						{"origin": [-4.2, 24.6, -6.75], "size": [8.4, 2.25, 5], "inflate": 0.001, "pivot": [4.2, 26.85, -6.75], "rotation": [-29.75, 0, 0], "uv": [35, 113]},
						{"origin": [-2.95, 25.85, -6.75], "size": [5.9, 2.25, 5], "inflate": 0.001, "pivot": [2.95, 28.1, -6.75], "rotation": [-29.75, 0, 0], "uv": [178, 70]},
						{"origin": [-4.2, 23.85, -30.25], "size": [8.4, 3, 2], "inflate": 0.001, "pivot": [4.2, 26.85, -30.25], "rotation": [-56.25, 0, 0], "uv": [47, 173]},
						{"origin": [-2.95, 24.1, -19], "size": [5.9, 4, 12.25], "uv": [231, 110]},
						{"origin": [-3.45, 25.6, -21.225], "size": [6.9, 3.25, 3.25], "pivot": [3.45, 25.6, -21.225], "rotation": [-21.5, 0, 0], "uv": [198, 147]},
						{"origin": [-9.45, 20.6, -22.225], "size": [18.9, 5.25, 5.25], "pivot": [9.45, 20.6, -22.225], "rotation": [-21.5, 0, 0], "uv": [41, 138]},
						{"origin": [-6.45, 19.6, -23.225], "size": [12.9, 7.25, 7.25], "pivot": [9.45, 20.6, -22.225], "rotation": [-21.5, 0, 0], "uv": [210, 34]},
						{"origin": [-1.95, 24.85, -20], "size": [3.9, 4, 10.25], "uv": [36, 0]},
						{"origin": [-1.7, 26.3, -36.25], "size": [3.4, 2, 15.5], "uv": [209, 221]},
						{"origin": [-1.7, 26.05, -53.225], "size": [3.4, 2.25, 7.75], "uv": [133, 68]},
						{"origin": [-1.7, 23.8, -53.225], "size": [3.4, 4.5, 1.5], "pivot": [1.7, 28.3, -53.225], "rotation": [-48, 0, 0], "uv": [24, 33]},
						{"origin": [-1.7, 24.3, -43], "size": [3.4, 2, 5.25], "uv": [202, 76]},
						{"origin": [-1.3, 27.5, -48], "size": [2.5, 1, 3.25], "uv": [98, 91]},
						{"origin": [-0.7, 26.4, -45.25], "size": [2, 2, 9], "pivot": [1.3, 26.4, -45.25], "rotation": [0, 0, -15.75], "uv": [98, 115]},
						{"origin": [-4.5, 21.6, -45.25], "size": [9, 2, 9], "uv": [223, 145]},
						{"origin": [-2.45, 17.9, -57.25], "size": [8, 8, 5], "pivot": [0.55, 17.9, -57.25], "rotation": [0, 0, -15.75], "uv": [64, 28]},
						{"origin": [-2.45, 17.9, -71.75], "size": [1, 8, 3], "pivot": [0.55, 17.9, -71.75], "rotation": [0, 0, -15.75], "uv": [36, 46]},
						{"origin": [4.55, 17.9, -71.75], "size": [1, 8, 3], "pivot": [0.55, 17.9, -71.75], "rotation": [0, 0, -15.75], "uv": [36, 33]},
						{"origin": [-1.45, 24.9, -71.75], "size": [6, 1, 3], "pivot": [0.55, 17.9, -71.75], "rotation": [0, 0, -15.75], "uv": [98, 172]},
						{"origin": [-1.45, 17.9, -71.75], "size": [6, 1, 3], "pivot": [0.55, 17.9, -71.75], "rotation": [0, 0, -15.75], "uv": [68, 166]},
						{"origin": [0.55, 24.9, -68.75], "size": [3, 1, 11.5], "pivot": [0.55, 17.9, -71.75], "rotation": [0, 0, -15.75], "uv": [98, 70]},
						{"origin": [-4.625, 23.6, -52.25], "size": [8, 2, 4.25], "pivot": [-1.625, 25.6, -52.25], "rotation": [-10.75, 0, -15.75], "uv": [98, 166]},
						{"origin": [-1.7, 24.3, -43], "size": [3.4, 4.25, 2], "inflate": -0.001, "pivot": [1.7, 24.3, -43], "rotation": [56.75, 0, 0], "uv": [79, 41]},
						{"origin": [-1.7, 24.3, -37.75], "size": [3.4, 2, 3.75], "inflate": -0.001, "pivot": [1.7, 24.3, -37.75], "rotation": [41.5, 0, 0], "uv": [50, 51]},
						{"origin": [-1.95, 25.1, -20], "size": [3.9, 3.75, 2.25], "pivot": [1.95, 28.85, -20], "rotation": [-57.25, 0, 0], "uv": [98, 24]},
						{"origin": [-4.7, 19.6, -1.5], "size": [9.4, 5, 5.75], "uv": [0, 109]},
						{"origin": [-2.5, 19.6, -1.5], "size": [4, 4, 10], "pivot": [1.5, 20.6, -1.5], "rotation": [0, 0, 15], "uv": [98, 56]},
						{"origin": [4.8, 19.6, -1.5], "size": [2.4, 5, 6.25], "inflate": 0.001, "pivot": [7.2, 20.6, -1.5], "rotation": [0, -24, 0], "uv": [44, 66]},
						{"origin": [-7.2, 19.6, -1.5], "size": [2.4, 5, 6.25], "inflate": 0.001, "pivot": [-7.2, 20.6, -1.5], "rotation": [0, 24, 0], "uv": [0, 66]},
						{"origin": [7.8, 19.6, -35.5], "size": [2.4, 5.75, 15], "uv": [152, 220]},
						{"origin": [6.55, 18.6, -52.65], "size": [2.9, 7.75, 5.2], "inflate": 0.001, "uv": [91, 189]},
						{"origin": [6.55, 24.75, -52.65], "size": [2.9, 1.6, 6.2], "pivot": [9.45, 26.35, -52.5], "rotation": [0, 0, -67.25], "uv": [202, 69]},
						{"origin": [6.6, 24.5, -47.625], "size": [2.9, 1.85, 3.7], "pivot": [9.5, 26.35, -47.575], "rotation": [-26.89394, 18.50613, -57.96143], "uv": [98, 74]},
						{"origin": [6.55, 24.85, -123.85], "size": [2.4, 1.5, 32.2], "uv": [0, 33]},
						{"origin": [4.15, 24.85, -123.85], "size": [2.4, 1.5, 29.2], "uv": [0, 151]},
						{"origin": [4.15, 24.85, -94.65], "size": [2, 1.5, 4.05], "inflate": -0.001, "pivot": [4.15, 24.85, -94.65], "rotation": [0, 40.75, 0], "uv": [64, 5]},
						{"origin": [-6.15, 24.85, -94.65], "size": [2, 1.5, 4.05], "inflate": -0.001, "pivot": [-4.15, 24.85, -94.65], "rotation": [0, -40.75, 0], "uv": [64, 0]},
						{"origin": [-6.55, 24.85, -123.85], "size": [2.4, 1.5, 29.2], "uv": [98, 147]},
						{"origin": [-9.55, 19.6, -123.6], "size": [3.65, 5.25, 29.2], "uv": [98, 56]},
						{"origin": [5.9, 19.6, -123.6], "size": [3.65, 5.25, 29.2], "uv": [0, 91]},
						{"origin": [12.5, 20.425, -100.85], "size": [3.4, 3.6, 14], "uv": [232, 83]},
						{"origin": [14.5, 20.425, -124.35], "size": [1.4, 1, 23.5], "inflate": 0.001, "pivot": [15.9, 20.525, -100.85], "rotation": [4, 12.3, 0], "uv": [198, 134]},
						{"origin": [14.5, 22.975, -124.35], "size": [1.4, 1, 23.5], "inflate": 0.001, "pivot": [15.9, 23.875, -100.85], "rotation": [-4, 12.3, 0], "uv": [121, 196]},
						{"origin": [14.5, 20.425, -124.35], "size": [1.4, 1, 23.5], "pivot": [15.9, 20.525, -100.85], "rotation": [0, 12.3, 0], "uv": [194, 197]},
						{"origin": [14.5, 23.025, -124.35], "size": [1.4, 1, 23.5], "pivot": [15.9, 23.125, -100.85], "rotation": [0, 12.3, 0], "uv": [169, 196]},
						{"origin": [14.5, 23.775, -124.35], "size": [1.4, 1, 8.5], "inflate": -0.001, "pivot": [15.9, 23.875, -100.85], "rotation": [0, 12.3, 0], "uv": [0, 182]},
						{"origin": [14.5, 19.525, -124.35], "size": [1.4, 1, 9.25], "inflate": -0.001, "pivot": [15.9, 19.625, -100.85], "rotation": [0, 12.3, 0], "uv": [68, 148]},
						{"origin": [-15.9, 19.525, -124.35], "size": [1.4, 1, 9.25], "inflate": -0.001, "pivot": [-15.9, 19.625, -100.85], "rotation": [0, -12.3, 0], "uv": [125, 103]},
						{"origin": [-15.9, 20.425, -124.35], "size": [1.4, 1, 23.5], "pivot": [-15.9, 20.525, -100.85], "rotation": [0, -12.3, 0], "uv": [152, 0]},
						{"origin": [-15.9, 20.425, -124.35], "size": [1.4, 1, 23.5], "inflate": 0.001, "pivot": [-15.9, 20.525, -100.85], "rotation": [4, -12.3, 0], "uv": [152, 24]},
						{"origin": [-15.9, 23.775, -124.35], "size": [1.4, 1, 8.5], "inflate": -0.001, "pivot": [-15.9, 23.875, -100.85], "rotation": [0, -12.3, 0], "uv": [181, 90]},
						{"origin": [-15.9, 23.025, -124.35], "size": [1.4, 1, 23.5], "pivot": [-15.9, 23.125, -100.85], "rotation": [0, -12.3, 0], "uv": [0, 182]},
						{"origin": [-15.65, 21.275, -124.1], "size": [1.4, 2, 23.25], "pivot": [-15.65, 21.375, -100.85], "rotation": [0, -12.3, 0], "uv": [98, 115]},
						{"origin": [14.25, 21.275, -124.1], "size": [1.4, 2, 23.25], "pivot": [15.65, 21.375, -100.85], "rotation": [0, 12.3, 0], "uv": [41, 113]},
						{"origin": [-15.9, 22.975, -124.35], "size": [1.4, 1, 23.5], "inflate": 0.001, "pivot": [-15.9, 23.875, -100.85], "rotation": [-4, -12.3, 0], "uv": [184, 110]},
						{"origin": [10.65, 20.05, -67.85], "size": [2.4, 4.9, 7], "uv": [33, 151]},
						{"origin": [9.2, 19.95, -60.85], "size": [3.4, 4.75, 15.8], "uv": [219, 196]},
						{"origin": [-10.8, 21.2, -28.85], "size": [21.6, 2.5, 10.8], "uv": [121, 182]},
						{"origin": [12.6, 21.2, -61.85], "size": [1.4, 2.5, 9.8], "uv": [125, 36]},
						{"origin": [12.6, 21.2, -64.85], "size": [1.4, 2.5, 3], "inflate": -0.001, "pivot": [14, 23.7, -61.85], "rotation": [0, 19.5, 0], "uv": [0, 33]},
						{"origin": [-14, 21.2, -64.85], "size": [1.4, 2.5, 3], "inflate": -0.001, "pivot": [-14, 23.7, -61.85], "rotation": [0, -19.5, 0], "uv": [24, 0]},
						{"origin": [-14, 21.2, -61.85], "size": [1.4, 2.5, 9.8], "uv": [41, 125]},
						{"origin": [11.7, 19.625, -44.1], "size": [3.4, 5.75, 7.3], "uv": [98, 126]},
						{"origin": [11.85, 20.6, -50.1], "size": [3, 3, 16.3], "pivot": [14.85, 23.6, -50.1], "rotation": [0, 0, 15.5], "uv": [210, 0]},
						{"origin": [7.725, 22.675, -92.1], "size": [3, 3, 12.3], "inflate": -0.2, "pivot": [10.725, 25.675, -92.1], "rotation": [0, 0, 15.5], "uv": [232, 0]},
						{"origin": [-10.725, 22.675, -92.1], "size": [3, 3, 12.3], "inflate": -0.2, "pivot": [-10.725, 25.675, -92.1], "rotation": [0, 0, -15.5], "uv": [137, 220]},
						{"origin": [-14.85, 20.6, -50.1], "size": [3, 3, 16.3], "pivot": [-14.85, 23.6, -50.1], "rotation": [0, 0, -15.5], "uv": [209, 110]},
						{"origin": [12.4, 21.2, -33.475], "size": [2, 2, 5.3], "pivot": [14.4, 23.2, -33.475], "rotation": [0, -69.25, 15.5], "uv": [173, 182]},
						{"origin": [-14.4, 21.2, -33.475], "size": [2, 2, 5.3], "pivot": [-14.4, 23.2, -33.475], "rotation": [0, 69.25, -15.5], "uv": [75, 173]},
						{"origin": [11.85, 20.35, -52.1], "size": [3.25, 3.75, 2.3], "pivot": [14.85, 23.6, -52.1], "rotation": [0, 0, 15.5], "uv": [79, 75]},
						{"origin": [-15.1, 20.35, -52.1], "size": [3.25, 3.75, 2.3], "pivot": [-14.85, 23.6, -52.1], "rotation": [0, 0, -15.5], "uv": [79, 61]},
						{"origin": [10.95, 24.525, -44.35], "size": [3.4, 1, 7.8], "pivot": [14.35, 25.525, -44.35], "rotation": [0, 0, 4.75], "uv": [68, 158]},
						{"origin": [10.95, 19.475, -44.35], "size": [3.4, 1, 7.8], "pivot": [14.35, 19.475, -44.35], "rotation": [0, 0, -4.75], "uv": [152, 32]},
						{"origin": [-14.35, 19.475, -44.35], "size": [3.4, 1, 7.8], "pivot": [-14.35, 19.475, -44.35], "rotation": [0, 0, 4.75], "uv": [152, 8]},
						{"origin": [-15.1, 19.625, -44.1], "size": [3.4, 5.75, 7.3], "uv": [125, 91]},
						{"origin": [-14.35, 24.525, -44.35], "size": [3.4, 1, 7.8], "pivot": [-14.35, 25.525, -44.35], "rotation": [0, 0, -4.75], "uv": [152, 24]},
						{"origin": [-12.6, 19.95, -60.85], "size": [3.4, 4.75, 15.8], "uv": [50, 211]},
						{"origin": [-13.05, 20.05, -67.85], "size": [2.4, 4.9, 7], "uv": [35, 91]},
						{"origin": [9.2, 23.7, -60.85], "size": [3.4, 1, 15.8], "pivot": [12.6, 24.7, -60.85], "rotation": [0, 0, 17.25], "uv": [229, 178]},
						{"origin": [10.625, 22.85, -100.85], "size": [5.325, 1.5, 14], "pivot": [14.95, 24.35, -100.85], "rotation": [0, 0, 18.5], "uv": [186, 221]},
						{"origin": [8.625, 22.85, -100.85], "size": [2.325, 1.5, 9.2], "inflate": -0.001, "pivot": [14.95, 24.35, -100.85], "rotation": [0, 0, 18.5], "uv": [125, 0]},
						{"origin": [8.625, 20.1, -100.85], "size": [7.325, 1.5, 14], "pivot": [14.95, 20.1, -100.85], "rotation": [0, 0, -18.5], "uv": [210, 19]},
						{"origin": [-15.9, 20.425, -100.85], "size": [3.4, 3.6, 14], "uv": [230, 215]},
						{"origin": [-15.95, 20.1, -100.85], "size": [7.325, 1.5, 14], "pivot": [-14.95, 20.1, -100.85], "rotation": [0, 0, 18.5], "uv": [202, 89]},
						{"origin": [-12.95, 20.1, -86.85], "size": [4.325, 1.5, 19], "pivot": [-14.95, 20.1, -86.85], "rotation": [0, 0, 18.5], "uv": [146, 196]},
						{"origin": [8.625, 20.1, -86.85], "size": [4.325, 1.5, 19], "pivot": [14.95, 20.1, -86.85], "rotation": [0, 0, -18.5], "uv": [198, 158]},
						{"origin": [8.625, 22.85, -108.85], "size": [5.325, 1.5, 8], "pivot": [14.95, 24.35, -100.85], "rotation": [0, 0, 18.5], "uv": [152, 119]},
						{"origin": [8.625, 22.85, -117.85], "size": [3.325, 1.5, 9], "pivot": [14.95, 24.35, -100.85], "rotation": [0, 0, 18.5], "uv": [0, 160]},
						{"origin": [8.625, 22.85, -123.85], "size": [2.025, 1.5, 6], "pivot": [14.95, 24.35, -100.85], "rotation": [0, 0, 18.5], "uv": [146, 202]},
						{"origin": [-10.65, 22.85, -123.85], "size": [2.025, 1.5, 6], "pivot": [-14.95, 24.35, -100.85], "rotation": [0, 0, -18.5], "uv": [202, 139]},
						{"origin": [-11.95, 22.85, -117.85], "size": [3.325, 1.5, 9], "pivot": [-14.95, 24.35, -100.85], "rotation": [0, 0, -18.5], "uv": [98, 156]},
						{"origin": [-13.95, 22.85, -108.85], "size": [5.325, 1.5, 8], "pivot": [-14.95, 24.35, -100.85], "rotation": [0, 0, -18.5], "uv": [152, 110]},
						{"origin": [13.625, 22.85, -123.6], "size": [2.325, 1.5, 23], "inflate": 0.001, "pivot": [14.95, 24.35, -100.85], "rotation": [0, 13, 18.5], "uv": [98, 91]},
						{"origin": [-15.95, 22.85, -123.6], "size": [2.325, 1.5, 23], "inflate": 0.001, "pivot": [-14.95, 24.35, -100.85], "rotation": [0, -13, -18.5], "uv": [98, 24]},
						{"origin": [8.625, 22.85, -65.85], "size": [4.325, 1.5, 5], "inflate": 0.001, "pivot": [14.95, 24.35, -67.85], "rotation": [0, 0, 18.5], "uv": [194, 196]},
						{"origin": [8.625, 22.85, -80.85], "size": [3.325, 1.5, 15], "inflate": 0.001, "pivot": [14.95, 24.35, -67.85], "rotation": [0, 0, 18.5], "uv": [225, 158]},
						{"origin": [-11.95, 22.85, -80.85], "size": [3.325, 1.5, 15], "inflate": 0.001, "pivot": [-14.95, 24.35, -67.85], "rotation": [0, 0, -18.5], "uv": [223, 129]},
						{"origin": [0.725, 22.85, -73.25], "size": [2, 1.5, 3.05], "inflate": -0.001, "pivot": [14.95, 24.35, -67.85], "rotation": [0, -53.25, 18.5], "uv": [79, 66]},
						{"origin": [-2.725, 22.85, -73.25], "size": [2, 1.5, 3.05], "inflate": -0.001, "pivot": [-14.95, 24.35, -67.85], "rotation": [0, 53.25, -18.5], "uv": [62, 61]},
						{"origin": [-2.775, 22.85, -101.775], "size": [1.85, 1.5, 3.05], "inflate": -0.002, "pivot": [-14.95, 24.35, -104.55], "rotation": [0, -53.25, -18.5], "uv": [64, 41]},
						{"origin": [0.925, 22.85, -101.775], "size": [1.85, 1.5, 3.05], "inflate": -0.002, "pivot": [14.95, 24.35, -104.55], "rotation": [0, 53.25, 18.5], "uv": [64, 45]},
						{"origin": [-15.95, 22.85, -100.85], "size": [5.325, 1.5, 14], "pivot": [-14.95, 24.35, -100.85], "rotation": [0, 0, -18.5], "uv": [71, 211]},
						{"origin": [10.625, 22.85, -86.85], "size": [1.325, 1.5, 6], "pivot": [14.95, 24.35, -86.85], "rotation": [0, 0, 18.5], "uv": [113, 156]},
						{"origin": [-11.95, 22.85, -86.85], "size": [1.325, 1.5, 6], "pivot": [-14.95, 24.35, -86.85], "rotation": [0, 0, -18.5], "uv": [15, 160]},
						{"origin": [-12.95, 22.85, -65.85], "size": [4.325, 1.5, 5], "inflate": 0.001, "pivot": [-14.95, 24.35, -67.85], "rotation": [0, 0, -18.5], "uv": [146, 196]},
						{"origin": [-10.95, 22.85, -100.85], "size": [2.325, 1.5, 9.2], "inflate": -0.001, "pivot": [-14.95, 24.35, -100.85], "rotation": [0, 0, -18.5], "uv": [98, 37]},
						{"origin": [8.625, 22.85, -60.85], "size": [2.075, 1.5, 10.5], "pivot": [14.95, 24.35, -67.85], "rotation": [0, 0, 18.5], "uv": [123, 126]},
						{"origin": [-10.7, 22.85, -60.85], "size": [2.075, 1.5, 10.5], "pivot": [-14.95, 24.35, -67.85], "rotation": [0, 0, -18.5], "uv": [0, 125]},
						{"origin": [-8.95, 24.85, -123.85], "size": [2.4, 1.5, 32.2], "uv": [0, 0]},
						{"origin": [6.55, 24.85, -80.85], "size": [2.4, 1.5, 28.2], "uv": [152, 110]},
						{"origin": [6.55, 24.85, -91.65], "size": [1, 1.5, 10.8], "uv": [98, 102]},
						{"origin": [-7.55, 24.85, -91.65], "size": [1, 1.5, 10.8], "uv": [98, 91]},
						{"origin": [-8.95, 24.85, -80.85], "size": [2.4, 1.5, 28.2], "uv": [50, 182]},
						{"origin": [-8.95, 18.1, -123.85], "size": [4.8, 1.5, 90.2], "uv": [0, 91]},
						{"origin": [-10.65, 20.1, -123.85], "size": [2.025, 1.5, 6], "pivot": [-14.95, 20.1, -100.85], "rotation": [0, 0, 18.5], "uv": [202, 49]},
						{"origin": [-15.95, 20.1, -123.6], "size": [2.325, 1.5, 23], "inflate": 0.001, "pivot": [-14.95, 20.1, -100.85], "rotation": [0, -13, 18.5], "uv": [98, 0]},
						{"origin": [-11.95, 20.1, -117.85], "size": [3.325, 1.5, 9], "pivot": [-14.95, 20.1, -100.85], "rotation": [0, 0, 18.5], "uv": [152, 128]},
						{"origin": [-13.95, 20.1, -108.85], "size": [5.325, 1.5, 8], "pivot": [-14.95, 20.1, -100.85], "rotation": [0, 0, 18.5], "uv": [0, 151]},
						{"origin": [8.625, 20.1, -108.85], "size": [5.325, 1.5, 8], "pivot": [14.95, 20.1, -100.85], "rotation": [0, 0, -18.5], "uv": [98, 147]},
						{"origin": [8.625, 20.1, -117.85], "size": [3.325, 1.5, 9], "pivot": [14.95, 20.1, -100.85], "rotation": [0, 0, -18.5], "uv": [0, 136]},
						{"origin": [13.625, 20.1, -123.6], "size": [2.325, 1.5, 23], "inflate": 0.001, "pivot": [14.95, 20.1, -100.85], "rotation": [0, 13, -18.5], "uv": [37, 66]},
						{"origin": [8.625, 20.1, -123.85], "size": [2.025, 1.5, 6], "pivot": [14.95, 20.1, -100.85], "rotation": [0, 0, -18.5], "uv": [50, 199]},
						{"origin": [4.15, 18.1, -123.85], "size": [4.8, 1.5, 90.2], "uv": [0, 0]},
						{"origin": [8.8, 18.6, -44.5], "size": [2.65, 7.75, 8], "inflate": 0.001, "uv": [98, 0]},
						{"origin": [10.45, 24.35, -44.5], "size": [1, 2, 8], "pivot": [11.45, 26.35, -44.5], "rotation": [0, 0, -51.25], "uv": [177, 0]},
						{"origin": [7.95, 24.75, -32.5], "size": [1, 1.6, 12], "pivot": [8.95, 26.35, -32.5], "rotation": [0, 0, -51.25], "uv": [64, 13]},
						{"origin": [10.45, 24.35, -36.5], "size": [1, 2, 7], "pivot": [11.45, 26.35, -36.5], "rotation": [26.20044, -19.51185, -55.83258], "uv": [121, 194]},
						{"origin": [0.85, 24.225, -33.55], "size": [6.15, 1, 13], "pivot": [7, 25.225, -20.55], "rotation": [0, 0, 14.25], "uv": [227, 69]},
						{"origin": [-7, 24.225, -33.55], "size": [6.15, 1, 13], "pivot": [-7, 25.225, -20.55], "rotation": [0, 0, -14.25], "uv": [227, 49]},
						{"origin": [-5.15, 24.225, -56.55], "size": [10.15, 1, 9], "uv": [152, 91]},
						{"origin": [-7, 18.975, -98.3], "size": [2.15, 6.25, 50.75], "pivot": [-7, 25.225, -47.55], "rotation": [0, 0, -8], "uv": [98, 91]},
						{"origin": [4.85, 18.975, -98.3], "size": [2.15, 6.25, 50.75], "pivot": [7, 25.225, -47.55], "rotation": [0, 0, 8], "uv": [98, 0]},
						{"origin": [-5.75, 18.475, -95.55], "size": [1.15, 6.25, 48], "pivot": [-5.75, 24.725, -47.55], "rotation": [0, 0, -10.5], "uv": [0, 182]},
						{"origin": [-5.5, 18.025, -98.55], "size": [1.9, 6.95, 3], "pivot": [-4.75, 24.725, -95.55], "rotation": [0, 0, -10.5], "uv": [52, 0]},
						{"origin": [3.6, 18.025, -98.55], "size": [1.9, 6.95, 3], "inflate": 0.001, "pivot": [4.75, 24.725, -95.55], "rotation": [0, 0, 10.5], "uv": [36, 0]},
						{"origin": [-5.5, 16.5, -95.55], "size": [5.45, 1, 48], "pivot": [-0.35, 16.5, -47.55], "rotation": [0, 0, 25.25], "uv": [152, 0]},
						{"origin": [-4.7, 16.1, -98.55], "size": [4.725, 1.9, 3], "inflate": 0.001, "pivot": [-0.35, 16.1, -50.55], "rotation": [0, 0, 25.25], "uv": [177, 18]},
						{"origin": [-0.025, 16.1, -98.55], "size": [4.725, 1.9, 3], "pivot": [0.35, 16.1, -50.55], "rotation": [0, 0, -25.25], "uv": [44, 77]},
						{"origin": [0.05, 16.5, -95.55], "size": [5.45, 1, 48], "pivot": [0.35, 16.5, -47.55], "rotation": [0, 0, -25.25], "uv": [140, 147]},
						{"origin": [4.6, 18.475, -95.55], "size": [1.15, 6.25, 48], "pivot": [5.75, 24.725, -47.55], "rotation": [0, 0, 10.5], "uv": [152, 56]},
						{"origin": [10.05, 19.6, -44.75], "size": [3.4, 5.75, 9.25], "inflate": 0.001, "uv": [64, 61]},
						{"origin": [-13.45, 19.6, -44.75], "size": [3.4, 5.75, 9.25], "inflate": 0.001, "uv": [64, 41]},
						{"origin": [10.05, 19.6, -35.5], "size": [3.4, 5.75, 7.25], "pivot": [13.45, 19.6, -35.5], "rotation": [0, -41, 0], "uv": [131, 147]},
						{"origin": [-13.45, 19.6, -35.5], "size": [3.4, 5.75, 7.25], "pivot": [-13.45, 19.6, -35.5], "rotation": [0, 41, 0], "uv": [125, 24]},
						{"origin": [10.05, 19.6, -52], "size": [3.4, 5.75, 7.25], "pivot": [13.45, 19.6, -44.75], "rotation": [0, 41, 0], "uv": [133, 56]},
						{"origin": [-13.45, 19.6, -52], "size": [3.4, 5.75, 7.25], "pivot": [-13.45, 19.6, -44.75], "rotation": [0, -41, 0], "uv": [125, 10]},
						{"origin": [-12.6, 23.7, -60.85], "size": [3.4, 1, 15.8], "pivot": [-12.6, 24.7, -60.85], "rotation": [0, 0, -17.25], "uv": [83, 229]},
						{"origin": [-9.5, 24.5, -47.625], "size": [2.9, 1.85, 3.7], "pivot": [-9.5, 26.35, -47.575], "rotation": [-26.89394, -18.50613, 57.96143], "uv": [98, 70]},
						{"origin": [-11.45, 24.35, -44.5], "size": [1, 2, 8], "pivot": [-11.45, 26.35, -44.5], "rotation": [0, 0, 51.25], "uv": [0, 170]},
						{"origin": [-9.45, 24.75, -52.65], "size": [2.9, 1.6, 6.2], "pivot": [-9.45, 26.35, -52.5], "rotation": [0, 0, 67.25], "uv": [202, 56]},
						{"origin": [-11.45, 24.35, -36.5], "size": [1, 2, 7], "pivot": [-11.45, 26.35, -36.5], "rotation": [26.20044, 19.51185, 55.83258], "uv": [82, 194]},
						{"origin": [-8.95, 24.75, -32.5], "size": [1, 1.6, 12], "pivot": [-8.95, 26.35, -32.5], "rotation": [0, 0, 51.25], "uv": [64, 0]},
						{"origin": [-12.95, 20.65, -67.85], "size": [4.325, 1.5, 7], "pivot": [-14.95, 20.65, -67.85], "rotation": [0, 0, 18.5], "uv": [152, 0]},
						{"origin": [-10.7, 20.65, -60.85], "size": [2.075, 1.5, 10.5], "pivot": [-14.95, 20.65, -67.85], "rotation": [0, 0, 18.5], "uv": [66, 124]},
						{"origin": [-9.45, 18.65, -52.65], "size": [2.9, 1.6, 6.2], "pivot": [-9.45, 18.65, -52.5], "rotation": [0, 0, -67.25], "uv": [198, 164]},
						{"origin": [-9.5, 18.65, -47.625], "size": [2.9, 1.85, 3.7], "pivot": [-9.5, 18.65, -47.575], "rotation": [26.89394, -18.50613, -57.96143], "uv": [98, 60]},
						{"origin": [-11.45, 18.65, -44.5], "size": [1, 2, 8], "pivot": [-11.45, 18.65, -44.5], "rotation": [0, 0, -51.25], "uv": [166, 157]},
						{"origin": [-11.45, 18.65, -36.5], "size": [1, 2, 7], "pivot": [-11.45, 18.65, -36.5], "rotation": [-26.20044, 19.51185, -55.83258], "uv": [50, 190]},
						{"origin": [-8.95, 18.65, -32.5], "size": [1, 1.6, 12], "pivot": [-8.95, 18.65, -32.5], "rotation": [0, 0, -51.25], "uv": [36, 46]},
						{"origin": [8.625, 20.65, -67.85], "size": [4.325, 1.5, 7], "pivot": [14.95, 20.65, -67.85], "rotation": [0, 0, -18.5], "uv": [98, 15]},
						{"origin": [8.625, 20.65, -60.85], "size": [2.075, 1.5, 10.5], "pivot": [14.95, 20.65, -67.85], "rotation": [0, 0, -18.5], "uv": [123, 115]},
						{"origin": [6.55, 18.65, -52.65], "size": [2.9, 1.6, 6.2], "pivot": [9.45, 18.65, -52.5], "rotation": [0, 0, 67.25], "uv": [60, 197]},
						{"origin": [6.6, 18.65, -47.625], "size": [2.9, 1.85, 3.7], "pivot": [9.5, 18.65, -47.575], "rotation": [26.89394, 18.50613, 57.96143], "uv": [98, 56]},
						{"origin": [10.45, 18.65, -44.5], "size": [1, 2, 8], "pivot": [11.45, 18.65, -44.5], "rotation": [0, 0, 51.25], "uv": [166, 147]},
						{"origin": [10.45, 18.65, -36.5], "size": [1, 2, 7], "pivot": [11.45, 18.65, -36.5], "rotation": [-26.20044, -19.51185, 55.83258], "uv": [184, 122]},
						{"origin": [7.95, 18.65, -32.5], "size": [1, 1.6, 12], "pivot": [8.95, 18.65, -32.5], "rotation": [0, 0, 51.25], "uv": [36, 33]},
						{"origin": [8.85, 18.6, -36.5], "size": [2.6, 7.75, 5], "pivot": [11.45, 18.6, -36.5], "rotation": [0, -32.5, 0], "uv": [25, 191]},
						{"origin": [8.85, 18.6, -49.6], "size": [2.6, 7.75, 5.1], "pivot": [11.45, 18.6, -44.5], "rotation": [0, 32.25, 0], "uv": [0, 191]},
						{"origin": [-8.95, 18.6, -33.65], "size": [2.9, 7.75, 13.15], "inflate": 0.001, "uv": [0, 236]},
						{"origin": [6.05, 18.6, -33.65], "size": [2.9, 7.75, 13.15], "inflate": 0.001, "uv": [0, 236], "mirror": true},
						{"origin": [-11.45, 18.6, -36.5], "size": [2.6, 7.75, 5], "pivot": [-11.45, 18.6, -36.5], "rotation": [0, 32.5, 0], "uv": [82, 182]},
						{"origin": [-11.45, 18.6, -44.5], "size": [2.65, 7.75, 8], "inflate": 0.001, "uv": [70, 91]},
						{"origin": [-11.45, 18.6, -49.6], "size": [2.6, 7.75, 5.1], "pivot": [-11.45, 18.6, -44.5], "rotation": [0, -32.25, 0], "uv": [184, 110]},
						{"origin": [-9.45, 18.6, -52.65], "size": [2.9, 7.75, 5.2], "inflate": 0.001, "uv": [63, 185]},
						{"origin": [-10.2, 19.6, -35.5], "size": [2.4, 5.75, 15], "uv": [118, 220]},
						{"origin": [19.025, 26.55, -44.725], "size": [1.6, 3.5, 10], "uv": [98, 24]},
						{"origin": [19.6, 26.55, -43.225], "size": [12.15, 3.5, 1], "inflate": 0.001, "uv": [36, 61]},
						{"origin": [19.6, 26.55, -45.725], "size": [6.4, 3.5, 3], "inflate": 0.002, "uv": [198, 158]},
						{"origin": [26, 26.55, -45.725], "size": [3.3, 3.5, 1.25], "inflate": -0.001, "pivot": [26, 29.05, -45.725], "rotation": [0, -66, 0], "uv": [64, 66]},
						{"origin": [29.6, 26.7, -42.225], "size": [2.15, 3.35, 4.75], "uv": [50, 33]},
						{"origin": [20.625, 27.1, -38.225], "size": [10.6, 2.5, 2.5], "pivot": [22.225, 28.9, -36.975], "rotation": [-17.75, 0, 0], "uv": [64, 55]},
						{"origin": [20.625, 27.1, -45.075], "size": [11.1, 2.5, 2.5], "pivot": [22.225, 28.9, -43.825], "rotation": [-17.75, 0, 0], "uv": [36, 28]},
						{"origin": [17.625, 25.1, -38.225], "size": [7.6, 2.5, 2.5], "pivot": [19.225, 26.9, -36.975], "rotation": [-17.75, 0, 90], "uv": [0, 146]},
						{"origin": [17.125, 19.4, -38.75], "size": [3.2, 2.5, 3.25], "pivot": [19.225, 21.2, -37], "rotation": [0, 0, 0], "uv": [50, 40]},
						{"origin": [12.025, 17.7, -38.75], "size": [6.45, 1.8, 3.25], "pivot": [17.375, 19.5, -37], "rotation": [0, 0, 0], "uv": [70, 106]},
						{"origin": [17.725, 17.9, -38.75], "size": [2.45, 2.5, 3.25], "inflate": 0.001, "pivot": [19.075, 19.7, -37], "rotation": [0, 0, 47.75], "uv": [78, 7]},
						{"origin": [16.8, 25.1, -39.125], "size": [3.5, 2.55, 4], "inflate": 0.001, "pivot": [19.2, 27.65, -37.375], "rotation": [34.5, 0, 90], "uv": [193, 122]},
						{"origin": [29.95, 26.75, -38.225], "size": [1.5, 2.85, 2.75], "inflate": 0.301, "pivot": [31.8, 28.9, -36.975], "rotation": [-17.75, 0, 0], "uv": [36, 14]},
						{"origin": [17.325, 26.55, -41.725], "size": [1.75, 3.5, 4.5], "uv": [78, 0]},
						{"origin": [17.325, 26.55, -46.3], "size": [1.75, 3.5, 4.575], "inflate": -0.001, "pivot": [17.325, 29.05, -41.725], "rotation": [0, -29.25, 0], "uv": [64, 13]},
						{"origin": [-1.75, 25.625, 8.2], "size": [3.5, 4.25, 9.25], "inflate": 0.001, "pivot": [0.75, 29.875, 8.2], "rotation": [-135, 0, 0], "uv": [64, 75]},
						{"origin": [-1.75, 24.625, -4.8], "size": [3.5, 2.25, 9], "uv": [66, 113]},
						{"origin": [-2, 35.4, -5.875], "size": [4, 4.5, 13.25], "pivot": [1, 35.9, -5.875], "rotation": [-135, 0, 0], "uv": [232, 232]},
						{"origin": [-2, 34.35, 1.125], "size": [4, 1.05, 6.25], "pivot": [1, 35.9, -5.875], "rotation": [-135, 0, 0], "uv": [178, 63]},
						{"origin": [-2, 36.575, -2.375], "size": [4, 2, 3], "pivot": [1, 36.575, -2.375], "rotation": [-135, 0, 0], "uv": [0, 77]},
						{"origin": [-1.5, 36.875, -2.2], "size": [3, 2, 3.75], "pivot": [1, 36.575, -2.375], "rotation": [173.5, 0, 0], "uv": [50, 46]},
						{"origin": [-2, 36.575, -2.375], "size": [4, 2, 2], "inflate": 0.001, "pivot": [1, 36.575, -2.375], "rotation": [-84.5, 0, 0], "uv": [64, 20]}
					]
				},
				{
					"name": "spin",
					"parent": "gun",
					"pivot": [0, 27.775, -40.5]
				},
				{
					"name": "bone6",
					"parent": "spin",
					"pivot": [-7.925, 25.125, -40.5],
					"cubes": [
						{"origin": [-8.425, 25.125, -40.5], "size": [4.4, 1, 6.1], "pivot": [-7.925, 25.125, -40.5], "rotation": [8.82008, 20.78228, 23.62047], "uv": [178, 56]},
						{"origin": [-8.425, 25.125, -47.1], "size": [4.4, 1, 6.6], "pivot": [-7.925, 25.125, -40.5], "rotation": [-8.82008, -20.78228, 23.62047], "uv": [177, 38]}
					]
				},
				{
					"name": "bone7",
					"parent": "spin",
					"pivot": [7.925, 25.125, -40.5],
					"cubes": [
						{"origin": [4.025, 25.125, -40.5], "size": [4.4, 1, 6.6], "pivot": [7.925, 25.125, -40.5], "rotation": [8.82008, -20.78228, -23.62047], "uv": [177, 31]},
						{"origin": [4.025, 25.125, -47.1], "size": [4.4, 1, 6.6], "pivot": [7.925, 25.125, -40.5], "rotation": [-8.82008, 20.78228, -23.62047], "uv": [177, 24]}
					]
				},
				{
					"name": "bone8",
					"parent": "spin",
					"pivot": [0, 25.125, -32.4],
					"rotation": [0, -90, 0],
					"cubes": [
						{"origin": [-3.9, 25.125, -32.4], "size": [4.4, 1, 6.1], "pivot": [0, 25.125, -32.4], "rotation": [8.82008, -20.78228, -23.62047], "uv": [166, 173]},
						{"origin": [-3.9, 25.125, -39], "size": [4.4, 1, 6.6], "pivot": [0, 25.125, -32.4], "rotation": [-8.82008, 20.78228, -23.62047], "uv": [33, 173]}
					]
				},
				{
					"name": "bone9",
					"parent": "spin",
					"pivot": [0, 25.125, -48.6],
					"rotation": [0, 90, 0],
					"cubes": [
						{"origin": [-3.9, 25.125, -54.7], "size": [4.4, 1, 6.1], "pivot": [0, 25.125, -48.6], "rotation": [-8.82008, 20.78228, -23.62047], "uv": [152, 40]},
						{"origin": [-3.9, 25.125, -48.6], "size": [4.4, 1, 6.6], "pivot": [0, 25.125, -48.6], "rotation": [8.82008, -20.78228, -23.62047], "uv": [152, 16]}
					]
				},
				{
					"name": "right",
					"parent": "gun",
					"pivot": [-14.85, 24.35, -86.85],
					"cubes": [
						{"origin": [-15.8, 20.425, -67.85], "size": [2.15, 3.6, 3.85], "pivot": [-15.8, 20.525, -67.85], "rotation": [0, 49.75, 0], "uv": [78, 13]},
						{"origin": [-15.8, 23.025, -67.85], "size": [2.15, 1, 3.85], "pivot": [-15.8, 24.125, -67.85], "rotation": [0, 49.75, -18.9], "uv": [79, 80]},
						{"origin": [-15.8, 20.425, -86.85], "size": [8.4, 3.6, 19], "uv": [33, 151]},
						{"origin": [-15.85, 22.85, -86.85], "size": [3.925, 1.5, 19], "pivot": [-14.85, 24.35, -86.85], "rotation": [0, 0, -18.5], "uv": [202, 69]},
						{"origin": [-15.85, 20.1, -86.85], "size": [2.925, 1.5, 19], "pivot": [-14.85, 20.1, -86.85], "rotation": [0, 0, 18.5], "uv": [91, 209]},
						{"origin": [-13.35, 22.85, -67.85], "size": [1.425, 1.5, 2], "pivot": [-14.85, 24.35, -86.85], "rotation": [0, 0, -18.5], "uv": [41, 33]}
					]
				},
				{
					"name": "left",
					"parent": "gun",
					"pivot": [-14.85, 20.1, -86.85],
					"cubes": [
						{"origin": [11.925, 22.85, -86.85], "size": [3.925, 1.5, 19], "pivot": [14.85, 24.35, -86.85], "rotation": [0, 0, 18.5], "uv": [202, 49]},
						{"origin": [11.925, 22.85, -67.85], "size": [1.425, 1.5, 2], "pivot": [14.85, 24.35, -86.85], "rotation": [0, 0, 18.5], "uv": [42, 42]},
						{"origin": [13.65, 23.025, -67.85], "size": [2.15, 1, 3.85], "pivot": [15.8, 24.125, -67.85], "rotation": [0, -49.75, 18.9], "uv": [98, 29]},
						{"origin": [13.65, 20.425, -67.85], "size": [2.15, 3.6, 3.85], "pivot": [15.8, 20.525, -67.85], "rotation": [0, -49.75, 0], "uv": [78, 19]},
						{"origin": [7.4, 20.425, -86.85], "size": [8.4, 3.6, 19], "uv": [35, 91]},
						{"origin": [12.925, 20.1, -86.85], "size": [2.925, 1.5, 19], "pivot": [14.85, 20.1, -86.85], "rotation": [0, 0, -18.5], "uv": [0, 206]}
					]
				},
				{
					"name": "bone",
					"parent": "gun",
					"pivot": [9.925, 24.75, -40.5],
					"cubes": [
						{"origin": [7.025, 24.75, -40.5], "size": [2.9, 1, 7.7], "pivot": [9.925, 24.75, -40.5], "rotation": [-9.19338, -20.62573, 24.67633], "uv": [50, 182]},
						{"origin": [7.025, 24.75, -48.2], "size": [2.9, 1, 7.7], "pivot": [9.925, 24.75, -40.5], "rotation": [9.19338, 20.62573, 24.67633], "uv": [10, 170]}
					]
				},
				{
					"name": "bone4",
					"parent": "gun",
					"pivot": [-9.925, 24.75, -40.5],
					"cubes": [
						{"origin": [-9.925, 24.75, -40.5], "size": [2.9, 1, 7.7], "pivot": [-9.925, 24.75, -40.5], "rotation": [-9.19338, 20.62573, -24.67633], "uv": [33, 162]},
						{"origin": [-9.925, 24.75, -48.2], "size": [2.9, 1, 7.7], "pivot": [-9.925, 24.75, -40.5], "rotation": [9.19338, -20.62573, -24.67633], "uv": [35, 102]}
					]
				},
				{
					"name": "bone2",
					"parent": "gun",
					"pivot": [0, 24.75, -30.55],
					"rotation": [0, -90, 0],
					"cubes": [
						{"origin": [-2.9, 24.75, -30.55], "size": [3.9, 1, 7], "pivot": [0, 24.75, -30.55], "rotation": [-9.19338, -20.62573, 24.67633], "uv": [177, 10]},
						{"origin": [-2.9, 24.75, -38.25], "size": [3.9, 1, 7.7], "pivot": [0, 24.75, -30.55], "rotation": [9.19338, 20.62573, 24.67633], "uv": [153, 173]}
					]
				},
				{
					"name": "bone3",
					"parent": "gun",
					"pivot": [0, 24.75, -50.45],
					"rotation": [0, 90, 0],
					"cubes": [
						{"origin": [-2.9, 24.75, -57.45], "size": [3.9, 1, 7], "pivot": [0, 24.75, -50.45], "rotation": [9.19338, 20.62573, 24.67633], "uv": [62, 173]},
						{"origin": [-2.9, 24.75, -50.45], "size": [3.9, 1, 7.7], "pivot": [0, 24.75, -50.45], "rotation": [-9.19338, -20.62573, 24.67633], "uv": [131, 159]}
					]
				},
				{
					"name": "rightarm",
					"parent": "main",
					"pivot": [-6.6, 38.125, 20.55],
					"rotation": [-66.99584, -14.28315, -11.33299],
					"cubes": [
						{"origin": [-10.6, 14.125, 16.55], "size": [8, 24, 8], "uv": [0, 33]}
					]
				},
				{
					"name": "leftarm",
					"parent": "main",
					"pivot": [34.425, 23.45, -18.875],
					"rotation": [-118.39985, -5.42691, -75.56092],
					"cubes": [
						{"origin": [30.425, -0.55, -22.875], "size": [8, 24, 8], "uv": [0, 0]}
					]
				},
				{
					"name": "muzzleflash",
					"parent": "main",
					"pivot": [0, 21.8, -66.925],
					"cubes": [
						{"origin": [-0.5, 21.3, -67.225], "size": [1, 1, 1], "inflate": -0.4, "uv": [41, 0]}
					]
				},
				{
					"name": "glowy_new",
					"parent": "main",
					"pivot": [-4.575, 30.025, -47.35],
					"cubes": [
						{"origin": [-4.575, 8.45, -51.675], "size": [1.05, 22, 22], "inflate": -0.5, "pivot": [-4.05, 23.9, -39.575], "rotation": [0, 0, -92.5], "uv": [172, 254]}
					]
				},
				{
					"name": "glowy_new2",
					"parent": "main",
					"pivot": [-6.825, 28.875, -47.35],
					"rotation": [-5.25, 0, -14],
					"cubes": [
						{"origin": [-6.825, 5.3, -53.675], "size": [1.05, 26, 26], "inflate": -0.5, "pivot": [-6.3, 22.75, -39.575], "rotation": [0, 0, -92.5], "uv": [172, 248]}
					]
				},
				{
					"name": "glowy_new3",
					"parent": "main",
					"pivot": [6.825, 28.875, -47.35],
					"rotation": [-5.25, 0, 14],
					"cubes": [
						{"origin": [5.775, 5.3, -53.675], "size": [1.05, 26, 26], "inflate": -0.5, "pivot": [6.3, 22.75, -39.575], "rotation": [0, 0, 92.5], "uv": [173, 248], "mirror": true}
					]
				},
				{
					"name": "glowy_new4",
					"parent": "main",
					"pivot": [4.8, 32.25, -44.35],
					"rotation": [-17.75, 0, 0],
					"cubes": [
						{"origin": [3.75, 8.675, -50.675], "size": [1.05, 26, 26], "inflate": -0.5, "pivot": [4.275, 26.125, -36.575], "rotation": [0.76191, -0.01742, 90.11886], "uv": [173, 248], "mirror": true}
					]
				},
				{
					"name": "glowy_new5",
					"parent": "main",
					"pivot": [4.8, 32.25, -37.15],
					"rotation": [17.75, 0, 0],
					"cubes": [
						{"origin": [3.75, 8.675, -56.825], "size": [1.05, 26, 26], "inflate": -0.5, "pivot": [4.275, 26.125, -44.925], "rotation": [-0.76191, 0.01742, 90.11886], "uv": [173, 248], "mirror": true}
					]
				},
				{
					"name": "glowy_new6",
					"parent": "main",
					"pivot": [-4.325, 29.725, -71.15],
					"rotation": [0, 0, -27],
					"cubes": [
						{"origin": [-4.92101, 18.04101, -57.325], "size": [1.05, 7, 61], "inflate": -0.5, "uv": [150, 230], "mirror": true}
					]
				},
				{
					"name": "precisionbolt",
					"parent": "main",
					"pivot": [-9, 31, -37],
					"cubes": [
						{"origin": [-13, 28.5, -49], "size": [7, 3.5, 14], "uv": [19, 250]},
						{"origin": [-6, 29.25, -41], "size": [2, 2, 6], "inflate": 0.001, "uv": [20, 273]},
						{"origin": [-6, 29.25, -46], "size": [2, 2, 5], "pivot": [-4, 29.75, -41], "rotation": [0, 21.25, 0], "uv": [40, 273]},
						{"origin": [-15, 29.5, -46], "size": [2, 2, 11], "uv": [49, 279]},
						{"origin": [-20, 29.5, -40.5], "size": [5, 2, 3], "pivot": [-15, 31.5, -43.5], "rotation": [0, 0, -32.5], "uv": [66, 276]},
						{"origin": [-19.2, 18.85, -40.5], "size": [2, 10, 3], "inflate": 0.001, "uv": [85, 278]},
						{"origin": [-6.25, 30.25, -49], "size": [1, 1.875, 14], "inflate": -0.001, "pivot": [-5.25, 30.25, -49], "rotation": [0, 0, -23.5], "uv": [52, 245]},
						{"origin": [-6.25, 28.375, -49], "size": [1, 1.875, 14], "inflate": -0.001, "pivot": [-5.25, 30.25, -49], "rotation": [0, 0, 23.5], "uv": [0, 271]},
						{"origin": [-18.475, 17.7, -40.5], "size": [6.45, 1.8, 3], "pivot": [-17.375, 19.5, -41.75], "rotation": [0, 0, 0], "uv": [85, 268], "mirror": true},
						{"origin": [-13.325, 27.375, -41.625], "size": [2.5, 3, 3], "inflate": 0.001, "pivot": [-13.225, 29.925, -39.875], "rotation": [75.5, 0, -90], "uv": [0, 270], "mirror": true},
						{"origin": [-1.45, 23.9, -94.75], "size": [6, 2, 7], "inflate": 0.001, "pivot": [0.55, 17.9, -94.75], "rotation": [0, 0, -15.75], "uv": [104, 278]},
						{"origin": [-2.45, 18.5, -94.75], "size": [2, 7.4, 7], "pivot": [0.55, 17.9, -94.75], "rotation": [0, 0, -15.75], "uv": [148, 267]},
						{"origin": [3.55, 17.9, -94.75], "size": [2, 8, 7], "pivot": [0.55, 17.9, -94.75], "rotation": [0, 0, -15.75], "uv": [126, 264]},
						{"origin": [-1.45, 17.9, -94.75], "size": [6, 2, 7], "inflate": 0.001, "pivot": [0.55, 17.9, -94.75], "rotation": [0, 0, -15.75], "uv": [97, 251]}
					]
				},
				{
					"name": "glowy7",
					"parent": "precisionbolt",
					"pivot": [-6.5, 29.75, -35.775],
					"cubes": [
						{"origin": [-12.5, 29.25, -35.797], "size": [6, 2, 1], "inflate": -0.2, "uv": [106, 266]}
					]
				},
				{
					"name": "_cb_precisionbolt",
					"parent": "main",
					"pivot": [-14, 18.45, -63.65],
					"cubes": [
						{"origin": [-14.5, 17.95, -37.65], "size": [1, 1, 1], "uv": [35, 105]}
					]
				},
				{
					"name": "_camera_",
					"pivot": [6.825, 33.725, 26.45]
				}
			]
		}
	]
}