{
	"format_version": "1.8.0",
	"animations": {
		"animation.model.draw": {
			"loop": true,
			"animation_length": 0.8833,
			"bones": {
				"main": {
					"rotation": {
						"0.0": {
							"vector": [32.09413, -54.38778, -8.29667]
						},
						"0.2167": {
							"vector": [1.77698, -9.99529, -4.30852]
						},
						"0.3667": {
							"vector": [0.58201, -1.04064, 2.6563]
						},
						"0.5167": {
							"vector": [0.32388, 0.39763, -2.15014]
						},
						"0.6167": {
							"vector": [0, 0, 0]
						}
					},
					"position": {
						"0.0": {
							"vector": [0, -17.3, 0]
						},
						"0.1": {
							"vector": [0, -7.41, -4.07]
						},
						"0.2167": {
							"vector": [-0.4, -1.2, -2.75]
						},
						"0.3167": {
							"vector": [0.4, 0, -2.6]
						},
						"0.4667": {
							"vector": [0.16, -0.15, 0.6]
						},
						"0.5667": {
							"vector": [0, 0, 0]
						}
					}
				},
				"leftarm": {
					"rotation": {
						"0.0": {
							"vector": [0, 0, 0]
						},
						"0.4": {
							"vector": [0, 0, 0]
						}
					},
					"position": {
						"0.0": {
							"vector": [0, 0, 0]
						},
						"0.4": {
							"vector": [0, 0, 0]
						}
					}
				},
				"_camera_": {
					"rotation": {
						"0.0": {
							"vector": [0, 0, 0]
						},
						"0.2333": {
							"vector": [1.80315, -1.89688, -1.62846],
							"easing": "easeInOutSine"
						},
						"0.4": {
							"vector": [1.24924, -0.00333, 0.0435]
						},
						"0.4833": {
							"vector": [0.44082, -0.01767, 1.01624]
						},
						"0.6167": {
							"vector": [0, 0, 0],
							"easing": "easeOutSine"
						}
					}
				}
			},
			"sound_effects": {
				"0.0": {
					"effect": "launcher_draw"
				}
			}
		},
		"animation.model.inspect": {
			"loop": true,
			"animation_length": 7.0333,
			"bones": {
				"main": {
					"rotation": {
						"0.0": {
							"vector": [0, 0, 0]
						},
						"0.3": {
							"vector": [-9.72934, -18.93333, -25.95378]
						},
						"0.5167": {
							"vector": [-8.77652, -21.21647, -30.72851]
						},
						"0.7333": {
							"vector": [-9.4227, -20.94881, -28.93303]
						},
						"1.0": {
							"vector": [-6.22542, -20.30848, -37.65618]
						},
						"1.1333": {
							"vector": [-4.564, -20.73064, -42.44007]
						},
						"1.35": {
							"vector": [-4.01131, -21.08802, -43.97908]
						},
						"1.6": {
							"vector": [-4.38767, -21.01662, -42.9316]
						},
						"1.7": {
							"vector": [-4.18847, -21.05622, -43.48691],
							"easing": "linear"
						},
						"1.8667": {
							"vector": [-3.42919, -21.1854, -45.59311]
						},
						"2.0167": {
							"vector": [-4.01131, -21.08802, -43.97908]
						},
						"2.2667": {
							"vector": [-5.70302, -7.51987, -9.43567]
						},
						"2.35": {
							"vector": [-5.70302, -7.51987, -11.18567]
						},
						"2.4333": {
							"vector": [7.45435, -6.02614, -2.82255]
						},
						"2.5667": {
							"vector": [2.17709, -5.99447, -8.42384]
						},
						"2.6667": {
							"vector": [1.32728, -6.71981, -5.50204]
						},
						"2.8333": {
							"vector": [-0.9181, -9.18996, 4.44813],
							"easing": "easeInSine"
						},
						"3.1": {
							"vector": [-0.17784, -6.00699, -2.64215],
							"easing": "easeOutQuad"
						},
						"3.2333": {
							"vector": [-0.28865, -6.22288, -1.66559]
						},
						"3.4167": {
							"vector": [-0.10119, -6.50879, -3.39541]
						},
						"3.5833": {
							"vector": [-0.10897, -6.28844, -3.3352]
						},
						"3.7667": {
							"vector": [0.01726, -5.50972, -4.40171]
						},
						"3.9833": {
							"vector": [-0.06612, -5.68423, -3.64187]
						},
						"4.2667": {
							"vector": [-0.04622, -5.25943, -3.89966]
						},
						"4.6": {
							"vector": [-0.10882, -5.53844, -3.33664]
						},
						"4.7833": {
							"vector": [0.01726, -5.50972, -4.40171]
						},
						"4.9667": {
							"vector": [-0.06612, -5.68423, -3.64187]
						},
						"5.0667": {
							"vector": [-0.16564, -5.6822, -2.63693]
						},
						"5.1667": {
							"vector": [0.00853, -5.6846, -4.39557]
						},
						"5.25": {
							"vector": [-0.76511, -5.67845, -1.632]
						},
						"5.35": {
							"vector": [-1.74748, -5.6816, -2.72829]
						},
						"5.4833": {
							"vector": [-1.68353, -4.65993, -4.66957]
						},
						"5.6167": {
							"vector": [-3.59815, -3.74132, -5.98403]
						},
						"5.7167": {
							"vector": [-0.83815, -3.62889, -2.22909]
						},
						"5.8167": {
							"vector": [-3.06466, -6.05838, -6.62386]
						},
						"5.8833": {
							"vector": [-5.746, -5.37318, -3.04773]
						},
						"5.9833": {
							"vector": [-1.61352, -6.08266, -5.81581]
						},
						"6.1333": {
							"vector": [-2.23879, -1.95193, 3.76469]
						},
						"6.25": {
							"vector": [0, 0, 0]
						}
					},
					"position": {
						"0.0": {
							"vector": [0, 0, 0]
						},
						"0.0833": {
							"vector": [-0.04, -0.745, -2.29]
						},
						"0.1333": {
							"vector": [-0.08, -0.835, -4.59]
						},
						"0.2167": {
							"vector": [-0.11, -0.42, -6.59]
						},
						"0.3333": {
							"vector": [-0.03, 0.925, -8.975]
						},
						"0.55": {
							"vector": [-0.01, 0.7, -10.52]
						},
						"0.7": {
							"vector": [0, 0.85, -10.7]
						},
						"0.9": {
							"vector": [0.125, 1.4, -11.275]
						},
						"1.2": {
							"vector": [-0.02, 1.475, -11]
						},
						"1.4": {
							"vector": [0.11, 1.425, -11.175]
						},
						"1.6167": {
							"vector": [0.275, 1.25, -10.975]
						},
						"1.8833": {
							"vector": [0.11, -0.725, -13.475],
							"easing": "easeInSine"
						},
						"1.9667": {
							"vector": [0.11, -1.53, -14.575]
						},
						"2.0333": {
							"vector": [0.11, -2.42, -15.48]
						},
						"2.1": {
							"vector": [0.11, -3.46, -15.545]
						},
						"2.1667": {
							"vector": [0.11, -4.37, -14.16]
						},
						"2.2167": {
							"vector": [0.11, -5.125, -10.5]
						},
						"2.2667": {
							"vector": [0.11, -3.825, -6.595]
						},
						"2.35": {
							"vector": [0.11, -2.97, -5.025]
						},
						"2.45": {
							"vector": [0.1479, -4.08128, -4.63837]
						},
						"2.5667": {
							"vector": [0.16402, -3.4358, -4.97576]
						},
						"2.6667": {
							"vector": [0.11, -3.435, -5.765]
						},
						"2.75": {
							"vector": [0.11, -3.925, -4.4]
						},
						"2.8333": {
							"vector": [0.11, -4.38, -3.26]
						},
						"2.9": {
							"vector": [0.11, -5.49, -4.51]
						},
						"3.0333": {
							"vector": [0.05337, -5.00923, -5.23808]
						},
						"3.2333": {
							"vector": [0.13562, -5.00805, -6.00868]
						},
						"3.4167": {
							"vector": [0.1721, -5.13368, -6.25436]
						},
						"3.65": {
							"vector": [0.18364, -5.41, -6.22528]
						},
						"3.9333": {
							"vector": [0.15377, -5.43739, -5.98145]
						},
						"4.4833": {
							"vector": [0.18547, -5.35828, -6.25475]
						},
						"4.7167": {
							"vector": [0.18364, -5.41, -6.22528]
						},
						"5.0": {
							"vector": [0.15377, -5.43739, -5.98145]
						},
						"5.15": {
							"vector": [0.20668, -5.58614, -6.45281]
						},
						"5.25": {
							"vector": [0.29759, -6.23116, -6.9695]
						},
						"5.3333": {
							"vector": [0.19684, -5.72645, -6.22553]
						},
						"5.4167": {
							"vector": [0.12, -4.835, -3.96]
						},
						"5.5167": {
							"vector": [0.025, -3.26, -1.25]
						},
						"5.5833": {
							"vector": [-0.11, -2.31, -1.295]
						},
						"5.65": {
							"vector": [-0.255, -1.36, -2.8]
						},
						"5.7": {
							"vector": [-0.14, -0.51, -1.735]
						},
						"5.75": {
							"vector": [-0.03, 0.14, -0.425]
						},
						"5.85": {
							"vector": [-0.03, -4.735, -0.32]
						},
						"5.95": {
							"vector": [0.07, -3.91, -1.965]
						},
						"6.0167": {
							"vector": [-0.105, -3.41, -2.94]
						},
						"6.1": {
							"vector": [-0.12, -3.39, -4.885]
						},
						"6.1667": {
							"vector": [-0.06, -1.625, -2.845]
						},
						"6.2333": {
							"vector": [0, 0, 0]
						}
					}
				},
				"leftarm": {
					"rotation": {
						"0.0": {
							"vector": [0, 0, 0]
						},
						"0.3167": {
							"vector": [94.34183, 65.03608, 48.49136]
						},
						"2.0333": {
							"vector": [5.21951, -1.46253, 2.85544]
						},
						"2.4833": {
							"vector": [5.21951, -1.46253, 2.85544]
						},
						"5.5167": {
							"vector": [5.21951, -1.46253, 2.85544]
						},
						"5.6833": {
							"vector": [14.57637, 7.07115, -1.86595]
						},
						"5.95": {
							"vector": [14.57637, 7.07115, -1.86595]
						},
						"6.1667": {
							"vector": [0, 0, 0]
						}
					},
					"position": {
						"0.0": {
							"vector": [0, 0, 0]
						},
						"0.3167": {
							"vector": [6.23986, -46.20851, 24.64864]
						},
						"2.0333": {
							"vector": [8.01132, -16.92321, 43.32189]
						},
						"2.4833": {
							"vector": [-2.32338, -6.38851, -2.66454]
						},
						"5.5167": {
							"vector": [-2.32338, -6.38851, -2.66454]
						},
						"5.6833": {
							"vector": [8.65316, -15.63037, 6.84955]
						},
						"5.95": {
							"vector": [8.65316, -15.63037, 6.84955]
						},
						"6.1667": {
							"vector": [0, 0, 0]
						}
					}
				},
				"rightarm": {
					"rotation": {
						"0.0": {
							"vector": [0, 0, 0]
						},
						"0.1667": {
							"vector": [0, 0, 0]
						},
						"2.1667": {
							"vector": [0, 0, 0]
						},
						"2.2833": {
							"vector": [-3.42882, 3.49776, 2.0321]
						},
						"2.3667": {
							"vector": [-6.3338, 13.62083, 2.58688]
						},
						"2.4833": {
							"vector": [-6.3338, 13.62083, 2.58688]
						},
						"2.7": {
							"vector": [-16.08938, -11.13778, 8.0559]
						},
						"2.7667": {
							"vector": [-17.94325, -14.37618, 11.04765]
						},
						"2.8667": {
							"vector": [-43.92263, -2.06752, 28.29442]
						},
						"2.9833": {
							"vector": [-41.37404, -9.76948, 23.41992]
						},
						"3.1167": {
							"vector": [-37.20722, -19.10078, 15.7939]
						},
						"3.5333": {
							"vector": [-37.20722, -19.10078, 15.7939]
						},
						"3.85": {
							"vector": [-34.27217, -27.27898, 11.65836]
						},
						"4.1333": {
							"vector": [-35.59649, -25.86518, 13.3369]
						},
						"4.3": {
							"vector": [-34.27217, -27.27898, 11.65836]
						},
						"4.5833": {
							"vector": [-32.28904, -16.98256, 12.68757]
						},
						"4.7": {
							"vector": [-29.62059, -9.75409, 10.94486]
						},
						"4.85": {
							"vector": [-32.28904, -16.98256, 12.68757]
						},
						"4.9667": {
							"vector": [-39.28348, 2.15617, 24.30315]
						},
						"5.0333": {
							"vector": [-42.03773, 7.76372, 31.516]
						},
						"5.15": {
							"vector": [-42.71533, 2.87414, 33.82632]
						},
						"5.25": {
							"vector": [-27.84067, 1.49673, 35.40552]
						},
						"5.4167": {
							"vector": [-27.84067, 1.49673, 35.40552]
						},
						"5.6333": {
							"vector": [0, 0, 0]
						}
					},
					"position": {
						"0.0": {
							"vector": [0, 0, 0]
						},
						"0.1667": {
							"vector": [0, 0, 0]
						},
						"2.1667": {
							"vector": [0, 0, 0]
						},
						"2.2833": {
							"vector": [0.74872, 0.23748, -0.55386]
						},
						"2.3667": {
							"vector": [2.76023, -0.01655, 0.45189]
						},
						"2.4833": {
							"vector": [2.76023, -0.01655, 0.45189]
						},
						"2.6": {
							"vector": [-2.67273, 1.40037, -10.11646]
						},
						"2.7": {
							"vector": [-5.4022, 2.42559, -20.9722]
						},
						"2.7667": {
							"vector": [-7.19477, 2.68184, -21.93841]
						},
						"2.8667": {
							"vector": [-5.75457, 3.57563, -19.87973]
						},
						"2.9833": {
							"vector": [-6.91679, 4.07844, -16.96343]
						},
						"3.1167": {
							"vector": [-6.92457, 4.08578, -16.08279]
						},
						"3.3": {
							"vector": [-6.93631, 3.6153, -16.0761]
						},
						"3.5333": {
							"vector": [-6.92457, 4.08578, -16.08279]
						},
						"3.6667": {
							"vector": [-6.05001, 3.81615, -16.32178]
						},
						"3.85": {
							"vector": [-6.09924, 4.41781, -17.32308]
						},
						"3.9833": {
							"vector": [-6.08049, 4.70329, -17.2753]
						},
						"4.1833": {
							"vector": [-6.06096, 4.83871, -17.17437]
						},
						"4.3": {
							"vector": [-6.06917, 4.54284, -17.07502]
						},
						"4.4": {
							"vector": [-6.16897, 3.34092, -17.08326]
						},
						"4.45": {
							"vector": [-6.10688, 3.36736, -16.351]
						},
						"4.5": {
							"vector": [-6.05413, 3.76224, -15.89898]
						},
						"4.5833": {
							"vector": [-6.14462, 4.1449, -16.88871]
						},
						"4.6167": {
							"vector": [-6.60897, 2.48092, -15.34326]
						},
						"4.65": {
							"vector": [-6.70843, 2.4127, -13.69981]
						},
						"4.7": {
							"vector": [-7.09351, 2.30927, -13.41547]
						},
						"4.7333": {
							"vector": [-6.56564, 3.40455, -11.66311]
						},
						"4.7667": {
							"vector": [-6.39408, 4.36016, -12.88125]
						},
						"4.8": {
							"vector": [-6.26937, 4.71951, -14.48357]
						},
						"4.85": {
							"vector": [-6.14462, 4.1449, -16.88871]
						},
						"4.9667": {
							"vector": [-5.01574, 4.13152, -16.47134]
						},
						"5.0333": {
							"vector": [-4.82796, 4.75215, -16.11955]
						},
						"5.15": {
							"vector": [-7.0521, 5.52562, -17.10142]
						},
						"5.25": {
							"vector": [-8.04167, 4.05866, -21.21087],
							"easing": "easeInQuad"
						},
						"5.4167": {
							"vector": [-8.04167, 4.05866, -21.21087],
							"easing": "easeInQuad"
						},
						"5.6333": {
							"vector": [0, 0, 0]
						}
					}
				},
				"lever": {
					"rotation": {
						"0.0": {
							"vector": [0, 0, 0]
						},
						"2.2833": {
							"vector": [0, 0, 0]
						},
						"2.3667": {
							"vector": [3.5, -15.25, 0]
						},
						"5.7667": {
							"vector": [3.5, -15.25, 0]
						},
						"5.8333": {
							"vector": [0, 0, 0]
						}
					},
					"position": {
						"0.0": {
							"vector": [0, 0, 0]
						},
						"2.2833": {
							"vector": [0, 0, 0]
						},
						"5.8333": {
							"vector": [0, 0, 0]
						}
					}
				},
				"barrels": {
					"rotation": {
						"0.0": {
							"vector": [0, 0, 0]
						},
						"2.35": {
							"vector": [0, 0, 0]
						},
						"2.4333": {
							"vector": [40, 0, 0]
						},
						"2.5167": {
							"vector": [28.25, 0, 0]
						},
						"2.6167": {
							"vector": [32, 0, 0]
						},
						"5.5167": {
							"vector": [32, 0, 0]
						},
						"5.75": {
							"vector": [50, 0, 0]
						},
						"5.8167": {
							"vector": [0, 0, 0]
						}
					},
					"position": {
						"0.0": {
							"vector": [0, 0, 0]
						},
						"2.35": {
							"vector": [0, 0, 0]
						},
						"5.5167": {
							"vector": [0, 0, 0]
						},
						"5.75": {
							"vector": [0, 0, 0]
						},
						"5.8167": {
							"vector": [0, 0, 0]
						}
					}
				},
				"shell2": {
					"rotation": {
						"0.0": {
							"vector": [0, 0, 0]
						},
						"2.8667": {
							"vector": [0, 0, 0]
						},
						"2.9833": {
							"vector": [-44.0325, -25.21948, 11.03926]
						},
						"3.1167": {
							"vector": [-52.19185, -27.87418, 14.75001]
						},
						"3.3": {
							"vector": [-54.21211, -25.88859, 16.45323]
						},
						"3.5333": {
							"vector": [-52.19185, -27.87418, 14.75001]
						},
						"3.7667": {
							"vector": [-77.8326, -65.07589, 50.24696],
							"easing": "easeInSine"
						},
						"3.9833": {
							"vector": [-96.39861, -65.51009, 70.64613],
							"easing": "linear"
						},
						"4.1333": {
							"vector": [-96.10808, -64.26753, 70.3253]
						},
						"4.3": {
							"vector": [-96.39861, -65.51009, 70.64613],
							"easing": "linear"
						},
						"4.5833": {
							"vector": [-45.60018, -16.92321, 12.31046]
						},
						"4.85": {
							"vector": [314.39982, -16.92321, 12.31046]
						},
						"4.8501": {
							"vector": [-45.60018, -16.92321, 12.31046],
							"easing": "step",
							"easingArgs": [2]
						},
						"4.9667": {
							"vector": [-0.47791, -8.7832, -0.36114]
						},
						"5.0333": {
							"vector": [0.15434, 3.91326, 1.11154]
						},
						"5.15": {
							"vector": [0, 0, 0]
						}
					},
					"position": {
						"0.0": {
							"vector": [0, 0, 0]
						},
						"2.7667": {
							"vector": [0, 0, 0]
						},
						"2.8667": {
							"vector": [0, 0, 8.25]
						},
						"2.9333": {
							"vector": [-1.54172, -0.85273, 10.01701]
						},
						"2.9833": {
							"vector": [-3.19641, -2.37099, 11.37031]
						},
						"3.1167": {
							"vector": [-3.41202, -2.91367, 12.27323]
						},
						"3.3": {
							"vector": [-3.41515, -3.3573, 12.0641]
						},
						"3.5333": {
							"vector": [-3.41202, -2.91367, 12.27323]
						},
						"3.6667": {
							"vector": [-3.49313, -2.86514, 11.64893]
						},
						"3.85": {
							"vector": [-3.52126, -2.1069, 11.45005],
							"easing": "easeInOutSine"
						},
						"3.9833": {
							"vector": [-3.50293, -1.88752, 11.60062]
						},
						"4.1833": {
							"vector": [-3.48861, -1.83123, 11.75146]
						},
						"4.3": {
							"vector": [-3.48982, -2.06363, 11.71045],
							"easing": "easeInOutSine"
						},
						"4.4167": {
							"vector": [-3.00605, -2.80797, 10.95708]
						},
						"4.5833": {
							"vector": [-2.58829, -2.90237, 10.21977]
						},
						"4.8667": {
							"vector": [-2.58829, -2.90237, 10.21977]
						},
						"4.9667": {
							"vector": [-1.14615, -0.02303, 9.03585]
						},
						"5.0333": {
							"vector": [0.5464, 0.00877, 8.18778]
						},
						"5.15": {
							"vector": [0, 0, 8.25]
						},
						"5.25": {
							"vector": [0, 0, 0],
							"easing": "easeInQuad"
						}
					}
				},
				"_camera_": {
					"rotation": {
						"0.0": {
							"vector": [0, 0, 0]
						},
						"0.25": {
							"vector": [2.87011, 1.49508, -1.06124],
							"easing": "easeInSine"
						},
						"0.7167": {
							"vector": [5.71069, 1.84164, 0.82308],
							"easing": "easeOutSine"
						},
						"1.9667": {
							"vector": [1.90728, -0.00412, 0.63238],
							"easing": "easeInOutSine"
						},
						"2.3333": {
							"vector": [4.11247, 1.38683, -1.2723],
							"easing": "easeInOutSine"
						},
						"2.4333": {
							"vector": [5.18928, 1.13341, 2.21936]
						},
						"2.6": {
							"vector": [4.60549, 1.43296, -1.51959]
						},
						"2.8": {
							"vector": [4.17264, 2.70232, 1.33097],
							"easing": "easeInOutSine"
						},
						"3.2": {
							"vector": [3.97224, 7.61775, -0.83426],
							"easing": "easeOutSine"
						},
						"3.55": {
							"vector": [4.10503, 7.54732, 0.17205]
						},
						"3.9": {
							"vector": [3.86334, 6.67133, -1.6572],
							"easing": "easeInOutSine"
						},
						"4.2833": {
							"vector": [3.96122, 7.11899, -0.86914]
						},
						"4.5667": {
							"vector": [4.86848, 5.79596, 0.13393],
							"easing": "easeInSine"
						},
						"4.95": {
							"vector": [4.26744, 4.79932, -2.94547],
							"easing": "easeOutSine"
						},
						"5.2167": {
							"vector": [3.99332, 4.61315, -0.19261],
							"easing": "easeInOutSine"
						},
						"5.3833": {
							"vector": [3.73049, 4.82711, -3.3804]
						},
						"5.65": {
							"vector": [4.11991, 0.74626, 1.30476]
						},
						"5.8167": {
							"vector": [3.2894, 1.1022, -3.68321]
						},
						"5.9333": {
							"vector": [2.72992, 0.76528, -0.03153]
						},
						"6.0667": {
							"vector": [1.74337, 0.55502, -1.97633]
						},
						"6.25": {
							"vector": [0, 0, 0]
						}
					}
				}
			},
			"sound_effects": {
				"0.0": {
					"effect": "inspect_up"
				},
				"2.1667": {
					"effect": "doom_ssg_open"
				},
				"2.7833": {
					"effect": "doom_ssg_unload"
				},
				"3.4833": {
					"effect": "foley_end"
				},
				"4.4333": {
					"effect": "inspect_down"
				},
				"4.9833": {
					"effect": "doom_ssg_load"
				},
				"5.5333": {
					"effect": "doom_ssg_close"
				}
			}
		},
		"animation.model.fire": {
			"loop": true,
			"animation_length": 1.05,
			"bones": {
				"main": {
					"rotation": {
						"0.0": {
							"vector": [0, 0, 0]
						},
						"0.0556": {
							"vector": [-11.18646, -0.95601, -5.42997]
						},
						"0.1667": {
							"vector": [-7.64791, 1.26531, 3.42061]
						},
						"0.2556": {
							"vector": [-5.67485, 0.05523, 1.99083]
						},
						"0.3444": {
							"vector": [-0.5, 0, -0.75]
						},
						"0.4222": {
							"vector": [0, 0, 0]
						}
					},
					"position": {
						"0.0": {
							"vector": [0, 0, 0]
						},
						"0.0333": {
							"vector": [-0.00312, 1.99797, 3.87432]
						},
						"0.1667": {
							"vector": [-0.0826, 0.31325, 4.38304]
						},
						"0.2889": {
							"vector": [-0.05, -0.8, -0.03]
						},
						"0.3667": {
							"vector": [0, 0, 0]
						}
					}
				},
				"loader": {
					"position": {
						"0.0": {
							"vector": [0, 0, 0]
						},
						"0.1889": {
							"vector": [0, 0, 0]
						},
						"0.2667": {
							"vector": [0, 0, -18]
						},
						"0.4556": {
							"vector": [0, 0, -18]
						},
						"0.5556": {
							"vector": [0, 0, 0]
						}
					}
				},
				"_camera_": {
					"rotation": {
						"0.0": {
							"vector": [0, 0, 0]
						},
						"0.0444": {
							"vector": [-13.98931, 0.27105, 5.49155]
						},
						"0.1444": {
							"vector": [-10.75059, -0.57493, -3.945]
						},
						"0.2889": {
							"vector": [-2.68252, -0.15684, 1.03807],
							"easing": "easeInSine"
						},
						"0.4222": {
							"vector": [0, 0, 0],
							"easing": "easeOutSine"
						}
					}
				}
			}
		},
		"animation.model.reload": {
			"loop": true,
			"animation_length": 1.9833,
			"bones": {
				"main": {
					"rotation": {
						"0.0": {
							"vector": [0, 0, 0]
						},
						"0.1": {
							"vector": [-0.50721, -4.75308, 0.07873]
						},
						"0.1833": {
							"vector": [-5.54824, -7.78869, 3.84223]
						},
						"0.25": {
							"vector": [-7.65608, -7.41236, -2.93497]
						},
						"0.35": {
							"vector": [10.58517, -10.13054, 6.2162]
						},
						"0.5": {
							"vector": [5.56048, -8.58661, 3.07627]
						},
						"0.6": {
							"vector": [-1.07319, -8.63246, 3.90494]
						},
						"0.7833": {
							"vector": [-8.30308, -8.63405, -4.28274]
						},
						"0.9333": {
							"vector": [-9.33586, -7.43034, -4.57624]
						},
						"1.0": {
							"vector": [-6.30206, -10.44832, -1.92829]
						},
						"1.1": {
							"vector": [-8.05988, -9.32749, -6.59707]
						},
						"1.2167": {
							"vector": [-5.06525, -7.3522, 0.08323]
						},
						"1.3167": {
							"vector": [-1.66489, -6.25673, -0.33408]
						},
						"1.3833": {
							"vector": [-13.88048, -5.63047, -1.2646]
						},
						"1.5": {
							"vector": [-6.21921, -4.57733, 6.1275]
						},
						"1.6333": {
							"vector": [-1.87596, -2.30281, -5.98574]
						},
						"1.7": {
							"vector": [0, 0, 0]
						}
					},
					"position": {
						"0.0": {
							"vector": [0, 0, 0]
						},
						"0.05": {
							"vector": [0, -1.51, -0.675]
						},
						"0.1167": {
							"vector": [0, -3.09, -2.545]
						},
						"0.1833": {
							"vector": [0, -2.25, -3.05]
						},
						"0.2333": {
							"vector": [0, -1.5, -2.34]
						},
						"0.2833": {
							"vector": [0, -0.55, -1.825]
						},
						"0.3833": {
							"vector": [0, -3.595, -1.83]
						},
						"0.4667": {
							"vector": [0, -2.765, -1.83]
						},
						"0.5667": {
							"vector": [0, -3.295, -2.17]
						},
						"0.65": {
							"vector": [-0.325, -4.305, -2.5]
						},
						"0.7167": {
							"vector": [-0.425, -5.06, -2.68]
						},
						"0.8": {
							"vector": [-0.205, -5.335, -2.68]
						},
						"0.8667": {
							"vector": [0.025, -5.005, -2.305]
						},
						"0.95": {
							"vector": [0.195, -4.65, -1.51]
						},
						"1.0167": {
							"vector": [-0.23, -6.075, -3.84]
						},
						"1.1": {
							"vector": [-0.205, -5.58, -2.565]
						},
						"1.1667": {
							"vector": [-0.21, -5.58, -2.12]
						},
						"1.2167": {
							"vector": [-0.21, -4.765, -2.19]
						},
						"1.25": {
							"vector": [-0.21, -3.76, -2.82]
						},
						"1.3167": {
							"vector": [-0.21, -2.225, -4.345]
						},
						"1.35": {
							"vector": [-0.21, -4.345, -3.79]
						},
						"1.3833": {
							"vector": [-0.21, -6.88, -4.615]
						},
						"1.4333": {
							"vector": [-0.21, -7.38, -4.39]
						},
						"1.5": {
							"vector": [-0.21, -5.93, -4.39]
						},
						"1.5667": {
							"vector": [-0.12, -3.39, -5.485]
						},
						"1.6333": {
							"vector": [-0.06, -1.625, -3.595]
						},
						"1.7": {
							"vector": [0, 0, 0]
						}
					}
				},
				"lever": {
					"rotation": {
						"0.2167": {
							"vector": [0, 0, 0]
						},
						"0.3": {
							"vector": [3.5, -15.25, 0]
						},
						"1.3667": {
							"vector": [3.5, -15.25, 0]
						},
						"1.4333": {
							"vector": [0, 0, 0]
						}
					},
					"position": {
						"0.2167": {
							"vector": [0, 0, 0]
						},
						"1.4333": {
							"vector": [0, 0, 0]
						}
					}
				},
				"barrels": {
					"rotation": {
						"0.0": {
							"vector": [0, 0, 0]
						},
						"0.3": {
							"vector": [0, 0, 0]
						},
						"0.4": {
							"vector": [40.25, 0, 0]
						},
						"0.55": {
							"vector": [33, 0, 0]
						},
						"0.7167": {
							"vector": [44.75, 0, 0]
						},
						"0.8667": {
							"vector": [40, 0, 0]
						},
						"1.3333": {
							"vector": [40, 0, 0]
						},
						"1.4167": {
							"vector": [0, 0, 0]
						}
					},
					"position": {
						"0.0": {
							"vector": [0, 0, 0]
						},
						"0.3": {
							"vector": [0, 0, 0]
						},
						"1.3333": {
							"vector": [0, 0, 0]
						},
						"1.4167": {
							"vector": [0, 0, 0]
						}
					}
				},
				"shell": {
					"rotation": {
						"0.0": {
							"vector": [0, 0, 0]
						},
						"0.35": {
							"vector": [0, 0, 0]
						},
						"0.4": {
							"vector": [0, 0, 0]
						},
						"0.4333": {
							"vector": [-13.59224, 22.79834, -12.2667]
						},
						"0.45": {
							"vector": [-16.82225, 32.75421, -14.55245]
						},
						"0.4833": {
							"vector": [-40.8237, 33.01894, -9.85887]
						},
						"0.5333": {
							"vector": [-116.29034, 73.28222, -61.92666]
						},
						"0.5667": {
							"vector": [-144.04034, 73.28222, -61.92666]
						},
						"0.6167": {
							"vector": [-144.04034, 73.28222, -61.92666]
						},
						"0.6333": {
							"vector": [0, 9.5, 0]
						},
						"0.6833": {
							"vector": [0, 9.5, 0]
						},
						"0.7667": {
							"vector": [-0.15414, 16.0941, -1.82916]
						},
						"0.8667": {
							"vector": [-0.37353, 4.73532, -4.51544]
						},
						"0.9333": {
							"vector": [0, 0, 0]
						},
						"1.0333": {
							"vector": [0, 0, 0]
						}
					},
					"position": {
						"0.0": {
							"vector": [0, 0, 0]
						},
						"0.35": {
							"vector": [0, 0, 0]
						},
						"0.4": {
							"vector": [0, 0, 8.9]
						},
						"0.4333": {
							"vector": [1.25068, 3.38381, 9.5265]
						},
						"0.45": {
							"vector": [2.20046, 5.06908, 8.32192]
						},
						"0.4833": {
							"vector": [7.35218, -0.00904, 7.68383]
						},
						"0.5333": {
							"vector": [9.27632, -7.92782, 4.77278]
						},
						"0.5667": {
							"vector": [5.43762, -24.35165, -7.44686]
						},
						"0.6167": {
							"vector": [5.43762, -24.35165, -7.44686]
						},
						"0.6833": {
							"vector": [8.63809, -10.84359, 0.48934]
						},
						"0.7667": {
							"vector": [8.80075, -3.69907, 12.60341]
						},
						"0.8": {
							"vector": [5.18811, -0.80739, 10.65866]
						},
						"0.8333": {
							"vector": [2.51969, -0.87683, 11.47665]
						},
						"0.8667": {
							"vector": [0.84447, 0.06669, 8.15483]
						},
						"0.9333": {
							"vector": [0, 0, 7.9]
						},
						"1.0333": {
							"vector": [0, 0, 0],
							"easing": "easeInSine"
						}
					}
				},
				"shell2": {
					"rotation": {
						"0.0": {
							"vector": [0, 0, 0]
						},
						"0.35": {
							"vector": [0, 0, 0]
						},
						"0.4": {
							"vector": [0, 0, 0]
						},
						"0.45": {
							"vector": [-47.37575, -16.0642, 0]
						},
						"0.4833": {
							"vector": [-110.12575, -16.0642, 0]
						},
						"0.5167": {
							"vector": [-231.54781, -15.3647, 9.84304]
						},
						"0.6167": {
							"vector": [-231.54781, -15.3647, 9.84304]
						},
						"0.6333": {
							"vector": [0, 28, 0]
						},
						"0.6833": {
							"vector": [0, 28, 0]
						},
						"0.8667": {
							"vector": [0, 2.75, 0]
						},
						"0.9333": {
							"vector": [0, 0, 0]
						},
						"1.0333": {
							"vector": [0, 0, 0]
						}
					},
					"position": {
						"0.0": {
							"vector": [0, 0, 0]
						},
						"0.35": {
							"vector": [0, 0, 0]
						},
						"0.4": {
							"vector": [0, 0, 8.225]
						},
						"0.4333": {
							"vector": [-4.91972, -0.45097, 11.4895]
						},
						"0.45": {
							"vector": [-9.39567, -1.66167, 13.5327]
						},
						"0.4833": {
							"vector": [-11.05827, -7.2826, 15.97236]
						},
						"0.5167": {
							"vector": [-12.66463, -17.65855, 16.31096]
						},
						"0.5667": {
							"vector": [-19.89682, -28.90683, 4.21097]
						},
						"0.6167": {
							"vector": [-19.89682, -28.90683, 4.21097]
						},
						"0.6333": {
							"vector": [12.1376, -22.80781, 0.94148]
						},
						"0.6833": {
							"vector": [10.13855, -10.84598, 0.30739]
						},
						"0.7667": {
							"vector": [10.26704, -4.11754, 13.01367]
						},
						"0.8": {
							"vector": [6.22039, -0.00935, 9.69478]
						},
						"0.8333": {
							"vector": [3.44284, -0.22206, 10.59438]
						},
						"0.8667": {
							"vector": [0.64925, 0, 8.19381]
						},
						"0.9333": {
							"vector": [0, 0, 7.775]
						},
						"1.0333": {
							"vector": [0, 0, 0],
							"easing": "easeInSine"
						}
					}
				},
				"rightarm": {
					"rotation": {
						"0.0": {
							"vector": [0, 0, 0]
						},
						"0.2167": {
							"vector": [-3.42882, 3.49776, 2.0321]
						},
						"0.3": {
							"vector": [-6.3338, 13.62083, 2.58688]
						},
						"1.3667": {
							"vector": [-6.3338, 13.62083, 2.58688]
						},
						"1.4333": {
							"vector": [0, 0, 0]
						}
					},
					"position": {
						"0.0": {
							"vector": [0, 0, 0]
						},
						"0.2167": {
							"vector": [0.74872, 0.23748, -0.55386]
						},
						"0.3": {
							"vector": [2.76023, -0.01655, 0.45189]
						},
						"1.3667": {
							"vector": [2.76023, -0.01655, 0.45189]
						},
						"1.4333": {
							"vector": [0, 0, 0]
						}
					}
				},
				"leftarm": {
					"rotation": {
						"0.0": {
							"vector": [0, 0, 0]
						},
						"0.2": {
							"vector": [2.65627, -2.8108, -19.35261]
						},
						"0.65": {
							"vector": [2.65627, -2.8108, -19.35261]
						},
						"0.7667": {
							"vector": [-10.68211, -20.37393, -25.41993]
						},
						"0.8333": {
							"vector": [-12.85087, -40.16923, -40.16159]
						},
						"0.8667": {
							"vector": [-19.69727, -31.83242, -31.91237]
						},
						"0.95": {
							"vector": [-21.56872, -31.97762, -31.55988]
						},
						"1.0333": {
							"vector": [-14.86526, -16.58522, -32.74457],
							"easing": "easeInSine"
						},
						"1.1167": {
							"vector": [-14.86526, -16.58522, -32.74457],
							"easing": "easeInSine"
						},
						"1.3167": {
							"vector": [2.65627, -2.8108, -19.35261]
						},
						"1.4833": {
							"vector": [2.65627, -2.8108, -19.35261]
						},
						"1.6667": {
							"vector": [0, 0, 0]
						}
					},
					"position": {
						"0.0": {
							"vector": [0, 0, 0]
						},
						"0.2": {
							"vector": [14.325, -11.3, 27.75]
						},
						"0.65": {
							"vector": [14.325, -11.3, 27.75]
						},
						"0.6833": {
							"vector": [12.78934, 5.42069, 15.70565]
						},
						"0.7667": {
							"vector": [13.27777, 13.58591, 15.79233]
						},
						"0.8": {
							"vector": [11.54856, 16.43357, 10.96948]
						},
						"0.8333": {
							"vector": [9.41707, 17.90524, 9.3501]
						},
						"0.8667": {
							"vector": [7.49794, 17.08216, 6.90763]
						},
						"0.95": {
							"vector": [7.43744, 17.04024, 6.51446]
						},
						"1.0333": {
							"vector": [7.30479, 15.04936, 4.1969],
							"easing": "easeInSine"
						},
						"1.1167": {
							"vector": [7.30479, 15.04936, 4.1969],
							"easing": "easeInSine"
						},
						"1.2167": {
							"vector": [13.1113, 11.0236, 14.03175]
						},
						"1.3167": {
							"vector": [14.325, -11.3, 27.75]
						},
						"1.4833": {
							"vector": [14.325, -11.3, 27.75]
						},
						"1.6667": {
							"vector": [0, 0, 0]
						}
					}
				}
			},
			"sound_effects": {
				"0.0667": {
					"effect": "doom_ssg_open"
				},
				"0.3667": {
					"effect": "inspect_down"
				},
				"0.7667": {
					"effect": "doom_ssg_load"
				},
				"1.1333": {
					"effect": "doom_ssg_close"
				}
			}
		}
	},
	"geckolib_format_version": 2
}