{
	"format_version": "1.8.0",
	"animations": {
		"animation.model.draw": {
			"loop": true,
			"animation_length": 0.8,
			"bones": {
				"main": {
					"rotation": {
						"0.0": {
							"vector": [20.45003, -27.68838, 8.88874]
						},
						"0.35": {
							"vector": [1.79189, -0.34507, -2.12142],
							"easing": "easeInOutSine"
						},
						"0.4833": {
							"vector": [0.58378, -0.01682, 1.0077]
						},
						"0.6": {
							"vector": [0, 0, 0],
							"easing": "linear"
						}
					},
					"position": {
						"0.0": {
							"vector": [0, -17.3, 0]
						},
						"0.3833": {
							"vector": [0.325, -0.745, -1.66],
							"easing": "easeInOutSine"
						},
						"0.4833": {
							"vector": [0.325, 0.175, 0],
							"easing": "linear"
						},
						"0.6": {
							"vector": [0, 0, 0],
							"easing": "linear"
						}
					}
				},
				"_camera_": {
					"rotation": {
						"0.0": {
							"vector": [0, 0, 0]
						},
						"0.1833": {
							"vector": [1.82782, -1.87312, -2.37849],
							"easing": "easeInOutSine"
						},
						"0.3333": {
							"vector": [1.24924, -0.00333, 0.0435]
						},
						"0.45": {
							"vector": [0.55064, -0.00627, 0.51915]
						},
						"0.6": {
							"vector": [0, 0, 0],
							"easing": "easeOutSine"
						}
					}
				}
			},
			"sound_effects": {
				"0.0": {
					"effect": "launcher_draw"
				}
			}
		},
		"animation.model.inspect": {
			"loop": true,
			"animation_length": 3,
			"bones": {
				"main": {
					"rotation": {
						"0.0": {
							"vector": [0, 0, 0]
						},
						"0.4333": {
							"vector": [-3.97163, -23.93511, 20.99581],
							"easing": "easeInOutSine"
						},
						"0.8833": {
							"vector": [-4.10344, -23.77469, 23.17566]
						},
						"1.2667": {
							"vector": [-4.94099, -24.22777, 24.04082],
							"easing": "easeInOutSine"
						},
						"1.7833": {
							"vector": [-5.65935, -24.14074, 25.14887]
						},
						"2.0167": {
							"vector": [-5.4997, -24.11403, 25.40526],
							"easing": "easeInOutSine"
						},
						"2.4667": {
							"vector": [1.79189, -0.34507, -2.12142],
							"easing": "easeInOutSine"
						},
						"2.6": {
							"vector": [0.58378, -0.01682, 1.0077]
						},
						"2.7167": {
							"vector": [0, 0, 0],
							"easing": "linear"
						}
					},
					"position": {
						"0.0": {
							"vector": [0, 0, 0]
						},
						"0.4333": {
							"vector": [-13.25, -4.525, -11.1],
							"easing": "easeInOutSine"
						},
						"0.9667": {
							"vector": [-13.695, -6.175, -11.1]
						},
						"1.5": {
							"vector": [-13.89, -5.8, -10.6],
							"easing": "easeInOutSine"
						},
						"1.9333": {
							"vector": [-13.495, -5.8, -11.1]
						},
						"2.35": {
							"vector": [0.325, -0.745, -1.66],
							"easing": "easeInOutSine"
						},
						"2.6": {
							"vector": [0.325, 0.175, 0],
							"easing": "linear"
						},
						"2.7167": {
							"vector": [0, 0, 0],
							"easing": "linear"
						}
					}
				},
				"_camera_": {
					"rotation": {
						"0.0": {
							"vector": [0, 0, 0]
						},
						"0.3667": {
							"vector": [6.62903, 4.98063, 0.49069],
							"easing": "easeInSine"
						},
						"0.7": {
							"vector": [9.31521, 7.10255, -0.20148],
							"easing": "easeOutSine"
						},
						"1.0833": {
							"vector": [10.68658, 7.01547, -1.23],
							"easing": "linear"
						},
						"1.8": {
							"vector": [10.82689, 3.56152, -0.37532],
							"easing": "easeInSine"
						},
						"2.3333": {
							"vector": [1.82782, -1.87312, -2.37849],
							"easing": "easeInOutSine"
						},
						"2.45": {
							"vector": [1.24924, -0.00333, 0.0435]
						},
						"2.5667": {
							"vector": [0.55064, -0.00627, 0.51915]
						},
						"2.7167": {
							"vector": [0, 0, 0],
							"easing": "easeOutSine"
						}
					}
				}
			},
			"sound_effects": {
				"0.0": {
					"effect": "foley_start"
				},
				"2.05": {
					"effect": "launcher_draw"
				}
			}
		},
		"animation.model.reload": {
			"loop": true,
			"animation_length": 2.0667,
			"bones": {
				"main": {
					"rotation": {
						"0.0": {
							"vector": [0, 0, 0]
						},
						"0.1333": {
							"vector": [3.56371, -2.51044, -1.90865]
						},
						"0.3833": {
							"vector": [8.75, -6, 3.5],
							"easing": "easeInOutSine"
						},
						"0.55": {
							"vector": [8.82715, -5.88541, 2.7548]
						},
						"0.7833": {
							"vector": [8.63701, -5.65689, 4.56961]
						},
						"1.0": {
							"vector": [8.88134, -3.12381, -0.21422]
						},
						"1.2833": {
							"vector": [1.79189, -0.34507, -2.12142],
							"easing": "easeInOutSine"
						},
						"1.4333": {
							"vector": [0.62499, -0.00164, -0.5]
						},
						"1.5333": {
							"vector": [0, 0, 0],
							"easing": "linear"
						}
					},
					"position": {
						"0.0": {
							"vector": [0, 0, 0]
						},
						"0.3333": {
							"vector": [0, -6.225, 0],
							"easing": "easeInOutSine"
						},
						"0.5": {
							"vector": [-0.825, -8.2, 0]
						},
						"0.7167": {
							"vector": [0.03, -9, 0]
						},
						"0.9333": {
							"vector": [1.785, -6.945, -1.11]
						},
						"1.0833": {
							"vector": [1.975, -4.275, -1.625],
							"easing": "easeInOutSine"
						},
						"1.3167": {
							"vector": [0.325, 0.43, -1.66]
						},
						"1.4167": {
							"vector": [0.325, 0.175, 0],
							"easing": "linear"
						},
						"1.5333": {
							"vector": [0, 0, 0],
							"easing": "linear"
						}
					}
				},
				"_camera_": {
					"rotation": {
						"0.0": {
							"vector": [0, 0, 0]
						},
						"0.3167": {
							"vector": [1.80315, -1.89688, -1.62846],
							"easing": "easeInOutSine"
						},
						"0.5833": {
							"vector": [1.82667, -1.89004, -2.34356],
							"easing": "easeInOutSine"
						},
						"0.7667": {
							"vector": [1.78977, -2.75697, -1.44267]
						},
						"1.0167": {
							"vector": [1.80315, -1.89688, -1.62846],
							"easing": "easeInOutSine"
						},
						"1.2333": {
							"vector": [1.24924, -0.00333, 0.0435],
							"easing": "easeInOutSine"
						},
						"1.35": {
							"vector": [0.55064, -0.00627, 0.51915]
						},
						"1.5333": {
							"vector": [0, 0, 0],
							"easing": "easeOutSine"
						}
					}
				}
			},
			"sound_effects": {
				"0.0": {
					"effect": "foley_start"
				},
				"0.5": {
					"effect": "doom_plasmagun_load"
				},
				"0.9167": {
					"effect": "launcher_draw"
				}
			}
		},
		"animation.model.fire": {
			"loop": true,
			"animation_length": 0.9,
			"bones": {
				"main": {
					"rotation": {
						"0.0": {
							"vector": [0, 0, 0]
						},
						"0.0556": {
							"vector": [-11.18646, -0.95601, -5.42997]
						},
						"0.1667": {
							"vector": [-7.64791, 1.26531, 3.42061]
						},
						"0.3222": {
							"vector": [-4.39756, 0.51183, 0.66747]
						},
						"0.5111": {
							"vector": [0.10782, 0.02014, 2.84419]
						},
						"0.7889": {
							"vector": [-0.05466, 0.00042, -0.81083],
							"easing": "easeOutSine"
						},
						"0.9": {
							"vector": [0, 0, 0],
							"easing": "easeOutSine"
						}
					},
					"position": {
						"0.0": {
							"vector": [0, 0, 0]
						},
						"0.0333": {
							"vector": [-0.00312, 1.99797, 3.87432]
						},
						"0.2111": {
							"vector": [-0.0826, 0.31325, 4.38304]
						},
						"0.6111": {
							"vector": [-0.0767, -1.27015, -0.4386],
							"easing": "easeInSine"
						},
						"0.9": {
							"vector": [0, 0, 0],
							"easing": "easeOutSine"
						}
					}
				},
				"loader": {
					"position": {
						"0.0": {
							"vector": [0, 0, 0]
						},
						"0.1889": {
							"vector": [0, 0, 0]
						},
						"0.2667": {
							"vector": [0, 0, -18]
						},
						"0.4556": {
							"vector": [0, 0, -18]
						},
						"0.5556": {
							"vector": [0, 0, 0]
						}
					}
				},
				"right": {
					"position": {
						"0.0": {
							"vector": [0, 0, 0]
						},
						"0.0556": {
							"vector": [-4, 0, 0]
						},
						"0.8444": {
							"vector": [-4, 0, 0]
						},
						"0.9": {
							"vector": [0, 0, 0]
						}
					}
				},
				"left": {
					"position": {
						"0.0": {
							"vector": [0, 0, 0]
						},
						"0.0556": {
							"vector": [4, 0, 0]
						},
						"0.8444": {
							"vector": [4, 0, 0]
						},
						"0.9": {
							"vector": [0, 0, 0]
						}
					}
				},
				"_camera_": {
					"rotation": {
						"0.0": {
							"vector": [0, 0, 0]
						},
						"0.0444": {
							"vector": [-13.98931, 0.27105, 5.49155]
						},
						"0.2333": {
							"vector": [-10.75059, -0.57493, -3.945]
						},
						"0.5778": {
							"vector": [1.31748, -0.15684, 1.03807],
							"easing": "easeInOutSine"
						},
						"0.9": {
							"vector": [0, 0, 0],
							"easing": "easeOutSine"
						}
					}
				},
				"glowy_new6": {
					"rotation": {
						"0.0": {
							"vector": [0, 0, 0]
						},
						"0.0111": {
							"vector": [0, 0, -17.5]
						},
						"0.0889": {
							"vector": [0, 0, -17.5]
						},
						"0.1222": {
							"vector": [0, 0, 0]
						}
					},
					"position": {
						"0.0": {
							"vector": [0, 0, 0]
						},
						"0.0111": {
							"vector": [-3.62952, -0.43982, -65]
						},
						"0.0889": {
							"vector": [-3.62952, -0.43982, -65]
						},
						"0.1222": {
							"vector": [0, 0, 0]
						}
					},
					"scale": {
						"0.0": {
							"vector": [1, 1, 1]
						},
						"0.0111": {
							"vector": [1, 1.315, 1.08]
						},
						"0.0889": {
							"vector": [1, 1.315, 1.08]
						},
						"0.1222": {
							"vector": [1, 1, 1]
						}
					}
				}
			}
		},
		"animation.model.firealt": {
			"loop": true,
			"animation_length": 0.9,
			"bones": {
				"main": {
					"rotation": {
						"0.0": {
							"vector": [0, 0, -0.5]
						},
						"0.0556": {
							"vector": [-11.18646, -0.95601, -5.42997]
						},
						"0.1667": {
							"vector": [-7.64791, 1.26531, 3.42061]
						},
						"0.3222": {
							"vector": [-4.39756, 0.51183, 0.66747]
						},
						"0.5111": {
							"vector": [0.10782, 0.02014, 2.84419]
						},
						"0.7889": {
							"vector": [-0.05466, 0.00042, -0.81083],
							"easing": "easeOutSine"
						},
						"0.9": {
							"vector": [0, 0, 0],
							"easing": "easeOutSine"
						}
					},
					"position": {
						"0.0": {
							"vector": [0, 0, 1.325]
						},
						"0.0333": {
							"vector": [-0.00312, 1.99797, 3.87432]
						},
						"0.2111": {
							"vector": [-0.0826, 0.31325, 4.38304]
						},
						"0.6111": {
							"vector": [-0.0767, -1.27015, -0.4386],
							"easing": "easeInSine"
						},
						"0.9": {
							"vector": [0, 0, 0],
							"easing": "easeOutSine"
						}
					}
				},
				"loader": {
					"position": {
						"0.0": {
							"vector": [0, 0, 0]
						},
						"0.1889": {
							"vector": [0, 0, 0]
						},
						"0.2667": {
							"vector": [0, 0, -18]
						},
						"0.4556": {
							"vector": [0, 0, -18]
						},
						"0.5556": {
							"vector": [0, 0, 0]
						}
					}
				},
				"right": {
					"position": {
						"0.0": {
							"vector": [0, 0, 0]
						},
						"0.0556": {
							"vector": [-4, 0, 0]
						},
						"0.8444": {
							"vector": [-4, 0, 0]
						},
						"0.9": {
							"vector": [0, 0, 0]
						}
					}
				},
				"left": {
					"position": {
						"0.0": {
							"vector": [0, 0, 0]
						},
						"0.0556": {
							"vector": [4, 0, 0]
						},
						"0.8444": {
							"vector": [4, 0, 0]
						},
						"0.9": {
							"vector": [0, 0, 0]
						}
					}
				},
				"_camera_": {
					"rotation": {
						"0.0": {
							"vector": [0, 0, 0]
						},
						"0.0444": {
							"vector": [-13.98931, 0.27105, 5.49155]
						},
						"0.2333": {
							"vector": [-10.75059, -0.57493, -3.945]
						},
						"0.5778": {
							"vector": [1.31748, -0.15684, 1.03807],
							"easing": "easeInOutSine"
						},
						"0.9": {
							"vector": [0, 0, 0],
							"easing": "easeOutSine"
						}
					}
				},
				"glowy_new6": {
					"rotation": {
						"0.0": {
							"vector": [0, 0, 0]
						},
						"0.0111": {
							"vector": [0, 0, -17.5]
						},
						"0.0889": {
							"vector": [0, 0, -17.5]
						},
						"0.1222": {
							"vector": [0, 0, 0]
						}
					},
					"position": {
						"0.0": {
							"vector": [0, 0, 0]
						},
						"0.0111": {
							"vector": [-3.62952, -0.43982, -65]
						},
						"0.0889": {
							"vector": [-3.62952, -0.43982, -65]
						},
						"0.1222": {
							"vector": [0, 0, 0]
						}
					},
					"scale": {
						"0.0": {
							"vector": [1, 1, 1]
						},
						"0.0111": {
							"vector": [1, 1.315, 1.08]
						},
						"0.0889": {
							"vector": [1, 1.315, 1.08]
						},
						"0.1222": {
							"vector": [1, 1, 1]
						}
					}
				}
			}
		},
		"animation.model.preparefire": {
			"loop": true,
			"animation_length": 0.6,
			"bones": {
				"main": {
					"rotation": {
						"0.0": {
							"vector": [0, 0, 0]
						},
						"0.1333": {
							"vector": [0, 0, -1]
						},
						"0.2667": {
							"vector": [0, 0, 0]
						},
						"0.4": {
							"vector": [0, 0.5, -0.5]
						},
						"0.5": {
							"vector": [0, -0.5, -1.75]
						},
						"0.6": {
							"vector": [0, 0, -0.5]
						}
					},
					"position": {
						"0.0": {
							"vector": [0, 0, 0]
						},
						"0.6": {
							"vector": [0, 0, 1.325]
						}
					}
				},
				"mechanism1": {
					"rotation": {
						"0.0": {
							"vector": [0, 0, 0]
						},
						"0.6": {
							"vector": [0, 0, 0]
						}
					},
					"position": {
						"0.0": {
							"vector": [0, 0, 0]
						},
						"0.6": {
							"vector": [0, 0, 0]
						}
					}
				},
				"mechanism2": {
					"rotation": {
						"0.0": {
							"vector": [0, 0, 0]
						},
						"0.0667": {
							"vector": [0, 0, 0]
						},
						"0.6": {
							"vector": [0, 0, -27.25]
						}
					},
					"position": {
						"0.0": {
							"vector": [0, 0, 0]
						},
						"0.0667": {
							"vector": [0, 0, 0]
						}
					}
				},
				"mechanism3": {
					"rotation": {
						"0.0": {
							"vector": [0, 0, 0]
						},
						"0.0667": {
							"vector": [0, 0, 0]
						},
						"0.6": {
							"vector": [0, 0, 27.25]
						}
					},
					"position": {
						"0.0": {
							"vector": [0, 0, 0]
						},
						"0.0667": {
							"vector": [0, 0, 0]
						}
					}
				},
				"mechanismside1": {
					"rotation": {
						"0.0": {
							"vector": [0, 0, 0]
						},
						"0.0667": {
							"vector": [0, 0, 32.5],
							"easing": "linear"
						},
						"0.6": {
							"vector": [0, 0, 42.5]
						}
					},
					"position": {
						"vector": [0, 0, 0]
					}
				},
				"mechanismside6": {
					"rotation": {
						"0.0": {
							"vector": [0, 0, 0]
						},
						"0.0667": {
							"vector": [0, 0, -32.5]
						},
						"0.6": {
							"vector": [0, 0, -42.5]
						}
					},
					"position": {
						"vector": [0, 0, 0]
					}
				},
				"mechanismside2": {
					"rotation": {
						"0.0667": {
							"vector": [0, 0, 0]
						},
						"0.1333": {
							"vector": [0, 0, 32.5]
						},
						"0.6": {
							"vector": [0, 0, 42.5]
						}
					},
					"position": {
						"vector": [0, 0, 0]
					}
				},
				"mechanismside5": {
					"rotation": {
						"0.0667": {
							"vector": [0, 0, 0]
						},
						"0.1333": {
							"vector": [0, 0, -32.5]
						},
						"0.6": {
							"vector": [0, 0, -42.5]
						}
					},
					"position": {
						"vector": [0, 0, 0]
					}
				},
				"mechanismside3": {
					"rotation": {
						"0.1": {
							"vector": [0, 0, 0]
						},
						"0.1667": {
							"vector": [0, 0, 32.5]
						},
						"0.6": {
							"vector": [0, 0, 42.5]
						}
					},
					"position": {
						"vector": [0, 0, 0]
					}
				},
				"mechanismside4": {
					"rotation": {
						"0.1": {
							"vector": [0, 0, 0]
						},
						"0.1667": {
							"vector": [0, 0, -32.5]
						},
						"0.6": {
							"vector": [0, 0, -42.5]
						}
					},
					"position": {
						"vector": [0, 0, 0]
					}
				},
				"mechanismfront1": {
					"rotation": {
						"vector": [0, 0, 0]
					},
					"position": {
						"0.0": {
							"vector": [0, 0, 0]
						},
						"0.0667": {
							"vector": [-1.48685, 1.51303, 2]
						}
					}
				},
				"mechanismfront2": {
					"position": {
						"0.0": {
							"vector": [0, 0, 0]
						},
						"0.0667": {
							"vector": [1.51303, 1.48685, 2]
						}
					}
				},
				"mechanismfront3": {
					"position": {
						"0.0": {
							"vector": [0, 0, 0]
						},
						"0.0667": {
							"vector": [1.48024, -1.51951, 2]
						}
					}
				},
				"mechanismfront4": {
					"position": {
						"0.0": {
							"vector": [0, 0, 0]
						},
						"0.0667": {
							"vector": [-1.51303, -1.48685, 2]
						}
					}
				},
				"mechanismmiddle": {
					"rotation": {
						"0.0": {
							"vector": [0, 0, 0]
						},
						"0.1333": {
							"vector": [0, 0, 360]
						},
						"0.2667": {
							"vector": [0, 0, 537.5]
						},
						"0.4": {
							"vector": [0, 0, 717.5]
						},
						"0.6": {
							"vector": [0, 0, 990]
						}
					},
					"position": {
						"vector": [0, 0, 0]
					}
				},
				"_camera_": {
					"rotation": {
						"0.0": {
							"vector": [0, 0, 0]
						},
						"0.15": {
							"vector": [0, 0, -0.5]
						},
						"0.3333": {
							"vector": [0, 0, -0.31]
						},
						"0.45": {
							"vector": [0, 0, 0.55]
						},
						"0.5167": {
							"vector": [0, 0, -0.19]
						},
						"0.6": {
							"vector": [0, 0, 0]
						}
					}
				}
			},
			"sound_effects": {
				"0.0": {
					"effect": "doom_gausscharge"
				}
			}
		}
	},
	"geckolib_format_version": 2
}